Store Nbr	Store Name	FORMATO	WH
15	BA OLUTA	BODEGA	7468
38	MB MASCOTA AEROPUERTO	MIBODEGA	5907
41	BD CONDESA MEXICALI (GASO	BODEGA	4924
43	MB TALPA DE ALLENDE	MIBODEGA	5907
44	MB VEGA DE ALATORRE	MIBODEGA	7471
58	BA SANTA MONICA	BODEGA	7493
64	BD PEROTE ESTADIO	BODEGA	7471
65	MB TLAXIACA MADERO	MIBODEGA	8805
190	SC LOMAS DE SANTA FE	SUPERCENTER	4924
194	BA LOS PUERTOS	BODEGA	7490
383	SC PUERTA TLATELOLCO	SUPERCENTER	7464
460	BA PASEO LAS TORRES	BODEGA	7494
860	MB RODEO	MIBODEGA	5922
861	BD CIMA VICTORIA (GASOLIN	BODEGA	7490
862	BD LOMAS DE JARACHINA	BODEGA	7490
864	MB ZARAGOZA-PUEBLA	MIBODEGA	7471
867	MB PALAU	MIBODEGA	5922
868	BD CIUDAD CUAUHTEMOC	BODEGA	4640
870	BD QUINTA NICTE	BODEGA	4188
887	MB ALTAR	MIBODEGA	4924
888	MB CERRITOS SUR	MIBODEGA	5922
889	SC CUSPIDE SANTA ROSA	SUPERCENTER	7490
890	SC MATAMOROS GARITA	SUPERCENTER	7490
891	BD XOXOCOTLAN	BODEGA	7471
892	MB TOTOTLAN ESTRELLA BLAN	MIBODEGA	5907
893	BD COLINAS CIUDAD VICTORI	BODEGA	7490
981	MB VILLA DE AHOME	MIBODEGA	7487
983	BD VILLA DIAMANTE	BODEGA	7490
984	BD MACULTEPEC TABASCO	BODEGA	7468
1001	BA SAN BUENAVENTURA	BODEGA	7471
1002	BA TEOTIHUACAN	BODEGA	7482
1003	SC PLAYA DEL CARMEN	SUPERCENTER	4188
1004	BA TALLERES REGION 102	BODEGA	4188
1005	BA KABAH	BODEGA	4188
1006	BA HOSPITAL GENERAL	BODEGA	7487
1007	SC HAROLD PAPE MONCLOVA	SUPERCENTER	7490
1008	BA HEROES TECAMAC	BODEGA	7482
1015	SC IRAPUATO	SUPERCENTER	7464
1016	SC MERIDA NORTE	SUPERCENTER	4188
1017	BA QUETZALCOATL	BODEGA	4188
1018	BA TEMIXCO II	BODEGA	7471
1019	BA SAN PEDRITO	BODEGA	7493
1020	WALMART EXPRESS MANUEL AC	WMEXPRESS	7493
1022	SC LOPEZ MATEOS SUR	SUPERCENTER	7493
1023	BOD PERIFERICO SUR VILLAH	BODEGA	7468
1024	BA VILLA DE ALVAREZ	BODEGA	7493
1025	BA ATLIXCO	BODEGA	7471
1026	BA LAS AMERICAS	BODEGA	7482
1027	SC SENDERO	SUPERCENTER	7490
1028	BA BURLOUG CD. OBREGON	BODEGA	7487
1029	BA COMALCALCO	BODEGA	7468
1030	MB AMECAMECA	MIBODEGA	7471
1031	SC TABASCO 2000	SUPERCENTER	7468
1032	SC LOMAS VERDES	SUPERCENTER	7464
1033	BA CADEREYTA	BODEGA	7490
1034	BA HERMOSILLO	BODEGA	7487
1035	BA FORJADORES	BODEGA	7471
1036	BA MERIDA MONTEJO	BODEGA	4188
1037	BA CAMPECHE ESTE	BODEGA	4188
1038	BA CHETUMAL	BODEGA	4188
1039	WALMART EXPRESS ZAVALETA	WMEXPRESS	7471
1044	SC SAN MARCOS IZCALLI	SUPERCENTER	7464
1045	SC DOMINGO DIEZ	SUPERCENTER	7471
1046	BA CD VALLES	BODEGA	7494
1049	BA ESTADIO	BODEGA	7487
1051	BA LAS BRISAS TEPIC	BODEGA	7493
1053	WALMART EXPRESS ACOXPA	WMEXPRESS	7471
1054	SC COLIMA NORTE	SUPERCENTER	7493
1055	BA ORIZABA	BODEGA	7471
1056	BA CD ALTAMIRANO	BODEGA	7494
1057	BA CHILPANCINGO	BODEGA	7471
1058	BA CD HIDALGO	BODEGA	7494
1067	SC DIAMANTE	SUPERCENTER	7471
1068	BA LAGOS DE MORENO	BODEGA	7493
1069	MB CUAUHTEMOC CHALCO	MIBODEGA	7471
1071	MB XILITLA	MIBODEGA	8805
1073	BA OCOTLAN JALISCO	BODEGA	7493
1074	WALMART EXPRESS MARIANO O	WMEXPRESS	7493
1075	WALMART EXPRESS TOLUCA PR	WMEXPRESS	7464
1076	BD JIUTEPEC FUENTES	BODEGA	7471
1077	MB TECAMACHALCO	MIBODEGA	7471
1081	MB CD SAHAGUN	MIBODEGA	8805
1082	BA TAPACHULA NORTE	BODEGA	7468
1083	SC PORTAL SAN ANGEL	SUPERCENTER	7464
1084	SC NICHUPTE	SUPERCENTER	4188
1086	BA DELTA	BODEGA	7493
1087	BA SAHUAYO	BODEGA	7493
1088	BA COMITAN DE DOMINGUEZ	BODEGA	7468
1089	BA SANTA ROSA	BODEGA	7471
1100	WALMART EXPRESS LAS TORRE	WMEXPRESS	7493
1101	BA CIUDAD INDUSTRIAL, TAB	BODEGA	7468
1103	BA PERIFER SUR HERMOSILLO	BODEGA	7487
1104	BA TIZAYUCA	BODEGA	7482
1105	BA VILLA DE JUAREZ	BODEGA	7490
1107	SC IXTAPALUCA	SUPERCENTER	7471
1108	SC ALTOZANO	SUPERCENTER	7464
1109	BA AYOTLA	BODEGA	7471
1110	BA PLAZA ECATEPEC	BODEGA	7482
1111	BA EL ALAMO	BODEGA	7482
1112	WALMART EXPRESSLOMAS SLP	WMEXPRESS	7464
1113	MB PUERTECITO	MIBODEGA	5907
1119	SC COLON	SUPERCENTER	7493
1120	MB DOCTOR ARROYO	MIBODEGA	5922
1121	MB AXTLA	MIBODEGA	8805
1122	MB CAPILLA	MIBODEGA	5907
1123	MB TEPALCATEPEC	MIBODEGA	5907
1124	BA CORALES	BODEGA	4188
1125	MB IXMIQUILPAN	MIBODEGA	8805
1130	SC BELISARIO DOMINGUEZ	SUPERCENTER	7468
1132	BA PATZCUARO	BODEGA	7494
1133	BA STA ANITA OAXACA	BODEGA	7471
1138	SC DELICIAS	SUPERCENTER	4640
1139	SC LA HUASTECA	SUPERCENTER	7490
1140	SC PLAZA SAN PEDRO	SUPERCENTER	4924
1142	BA TOTOLTEPEC	BODEGA	7494
1143	BA TEZIUTLAN	BODEGA	7471
1147	WALMART EXPRESS MORELIA	WMEXPRESS	7464
1150	BA HUEHUETOCA	BODEGA	7482
1151	BA CHIAUTEMPAN	BODEGA	7471
1154	MB ARANDAS	MIBODEGA	5907
1159	WALMART EXPRESS TEJEDA	WMEXPRESS	7464
1160	WALMART EXPRESS TECNOLOGI	WMEXPRESS	7464
1161	BA VALLE DE CHALCO	BODEGA	7471
1162	MB TEQUILA	MIBODEGA	5907
1163	MB ATOTONILCO	MIBODEGA	5907
1165	MB HUATUSCO	MIBODEGA	7471
1166	MB AGUA DULCE	MIBODEGA	7468
1167	MB TLAPACOYAN	MIBODEGA	7471
1168	MB TEQUISQUIAPAN	MIBODEGA	8805
1169	SC PLAZA ARBOLEDAS	SUPERCENTER	7464
1170	SC PARRAL	SUPERCENTER	4640
1171	SC SAN JOSE TECAMAC	SUPERCENTER	7471
1174	BA MINATITLAN	BODEGA	7468
1176	BA SN JUAN D LOS LAGOS	BODEGA	7493
1177	BA S TIANGUISTENCO	BODEGA	7494
1179	BA MORELIA NORTE III	BODEGA	7494
1180	BA TUXTEPEC	BODEGA	7468
1181	BA LEON ECHEVESTE	BODEGA	7494
1190	MB AMECA PATRIA	MIBODEGA	5907
1193	MB LA ISLA	MIBODEGA	7468
1194	MB IXTLAHUACA	MIBODEGA	8805
1195	SC GALERIAS LAS TORRES	SUPERCENTER	7464
1196	WALMART EXPRESS MILENIO	WMEXPRESS	7464
1199	BA TEPOJACO	BODEGA	7482
1201	BA SAN AGUSTIN	BODEGA	7494
1202	SC HORIZONTE	SUPERCENTER	7471
1203	SC SUPER PLAZA ECATEPEC	SUPERCENTER	7464
1204	SC MOCHIS SUR	SUPERCENTER	7487
1205	SC ALIJADORES	SUPERCENTER	7490
1230	MB TUXTLA CHICO	MIBODEGA	7468
1231	MB PUREPERO	MIBODEGA	5907
1233	BA TECALCO	BODEGA	7494
1234	BA APODACA SUR	BODEGA	7490
1235	BA LOMAS DE SANTA MONICA	BODEGA	7490
1236	BD ATLACOMULCO	BODEGA	7494
1237	MB BOCHIL RIO	MIBODEGA	7468
1239	MB PICHUCALCO	MIBODEGA	7468
1240	MB GUTIERREZ ZAMORA CENTR	MIBODEGA	8805
1241	MB TRES VALLES	MIBODEGA	7468
1242	MB EBANO CENTRO	MIBODEGA	8805
1243	MB PERIBAN	MIBODEGA	5907
1244	MB PEDRO ESCOBEDO	MIBODEGA	8805
1245	MB NOCHISTLAN	MIBODEGA	5907
1246	MB SALINAS VICTORIA	MIBODEGA	5922
1247	WALMART EXPRESS MONTERREY	WMEXPRESS	7490
1248	WALMART EXPRESS ZAPATA	WMEXPRESS	7471
1249	WALMART EXPRESS NACIONES	WMEXPRESS	7493
1252	BA INSTITUTO TECNOLOGICO	BODEGA	7468
1253	BD PENAFLOR	BODEGA	7482
1254	MB ACALA	MIBODEGA	7468
1267	BAE RIO MEDIO	BAE	7459
1276	MB ACAJETE CENTRO	MIBODEGA	7471
1326	SC LOS PINOS ZARAGOZA	SUPERCENTER	7471
1327	MB ACAXOCHITLAN	MIBODEGA	8805
1328	MB EL HIGO SUR	MIBODEGA	8805
1341	BA ESPERANZA	BODEGA	7487
1342	BA PLAZA FLORES	BODEGA	7468
1345	BA LAS BRISAS CUAUTLA	BODEGA	7471
1349	MB CUENCAME	MIBODEGA	5922
1353	BD AVENIDA SANTA ISABEL	BODEGA	4924
1356	MB ACANCEH PONIENTE	MIBODEGA	4188
1373	BA EL CANTADOR	BODEGA	7494
1374	MB GONZALEZ MANTE	MIBODEGA	5922
1377	MB PINOTEPA PLAZA	MIBODEGA	7471
1387	BA 5TA PONIENTE	BODEGA	7468
1388	BA AVENIDA NICHUPTE	BODEGA	4188
1399	BA LOMA FLORIDA APIZACO	BODEGA	7471
1400	BA JOYAS DE COACALCO	BODEGA	7494
1401	BA LOS SAUCES	BODEGA	7494
1403	SC CHAPALA AJIJIC	SUPERCENTER	7493
1404	SC GALERIAS SALTILLO	SUPERCENTER	7490
1409	MB IXTAPA	MIBODEGA	5907
1410	MB PAPALOTLA	MIBODEGA	7471
1411	MB TUXPAN CENTRO	MIBODEGA	5907
1412	MB VILLAGRAN	MIBODEGA	8805
1417	BA MEXICALI SUR	BODEGA	4924
1418	MB CALPULALPAN	MIBODEGA	8805
1419	BA NUEVO MEXICALI	BODEGA	4924
1420	BA 14 ORIENTE	BODEGA	7471
1421	BA MEXICALI SURESTE	BODEGA	4924
1422	BA ALFREDO JIMENEZ	BODEGA	7494
1423	SC SANTA ELENA	SUPERCENTER	7464
1424	MB SIMOJOVEL	MIBODEGA	7468
1425	SC BAHIA DE BANDERAS	SUPERCENTER	7493
1426	BA COYOL	BODEGA	7471
1428	BA SAN MATEO ATENCO	BODEGA	7494
1431	MB COTIJA	MIBODEGA	5907
1432	MB OCOSINGO	MIBODEGA	7468
1434	MB TONALA	MIBODEGA	7468
1435	MB UMAN	MIBODEGA	4188
1437	MB RUIZ	MIBODEGA	5907
1438	MB ACATLAN DE JUAREZ	MIBODEGA	5907
1440	MB NUEVO IDEAL	MIBODEGA	7487
1444	MB TELOLOAPAN	MIBODEGA	8805
1449	MB TAMAZULA DE GORDIANO	MIBODEGA	5907
1450	MB CD HIDALGO	MIBODEGA	7468
1454	BAE AV ZACATECAS	BAE	7457
1460	SC CUEMANCO	SUPERCENTER	7471
1462	SC LERMA TOLUCA	SUPERCENTER	7464
1465	BA TEPATITLAN	BODEGA	7493
1467	BA INDEPENDENCIA SUR	BODEGA	4640
1468	BA APATZINGAN	BODEGA	7493
1470	BA SAN PEDRO	BODEGA	7490
1471	BA NAVOLATO	BODEGA	7487
1472	MB MEOQUI	MIBODEGA	4640
1477	MB CD SERDAN	MIBODEGA	7471
1478	MB MAGDALENA DE KINO	MIBODEGA	4924
1479	MB SANTA ELENA	MIBODEGA	8805
1489	SC HIPERPLAZA TEXCOCO	SUPERCENTER	7471
1492	WALMART EXPRESS OLIPLAZA	WMEXPRESS	7471
1494	BA ACAMBARO	BODEGA	7494
1497	BA CARACOL	BODEGA	7494
1498	BA PLAN DE GUADALUPE	BODEGA	7490
1501	MB OZUMBA	MIBODEGA	7471
1502	MB CUAUTEPEC DE HINOJOSA	MIBODEGA	8805
1509	SC 15 DE MAYO	SUPERCENTER	7471
1512	SC TERCER ANILLO	SUPERCENTER	7493
1513	SC PORTAL CENTRO	SUPERCENTER	7471
1517	BA SANTA ROSALIA	BODEGA	4640
1519	MB TLALMANALCO	MIBODEGA	7471
1526	BA PARAISO	BODEGA	7468
1527	BAE LA UNION ESCOBEDO	BAE	7461
1528	WALMART EXPRESS CUMBRES	WMEXPRESS	4188
1539	MB ALAMO	MIBODEGA	8805
1540	MB ACATLAN	MIBODEGA	7471
1541	MB CD MIGUEL ALEMAN	MIBODEGA	5922
1549	SC AV DE LOS MAESTROS	SUPERCENTER	7493
1550	SC MACROPLAZA VALLARTA	SUPERCENTER	7493
1553	BA HUINALA MONTERREY	BODEGA	7490
1555	BA SOLIDARIDAD GUAD	BODEGA	7493
1557	BA CD ACUNA	BODEGA	7490
1558	BA LA PALMA	BODEGA	7482
1559	BA SAN MATEO NOPALA	BODEGA	7482
1560	BA J MARIANO JIMENEZ	BODEGA	4640
1561	BA VALLE HERMOSO	BODEGA	7490
1576	BA HAROLD PAPE	BODEGA	7490
1579	BA CALLE DE LOS PINOS	BODEGA	7471
1580	SC EL ROSARIO	SUPERCENTER	7464
1582	BA MONTEMORELOS S BOLIVAR	BODEGA	7490
1583	MB SAN QUINTIN	MIBODEGA	4924
1584	SC ESPACIO ESMERALDA	SUPERCENTER	7464
1585	SC LA ISLA	SUPERCENTER	7487
1586	MB CIENEGA DE FLORES CENT	MIBODEGA	5922
1587	MB LAS VARAS	MIBODEGA	5907
1588	BA SAN GASPAR TONALA	BODEGA	7493
1589	MB ZACOALCO CENTRO	MIBODEGA	5907
1590	BA CASAS GRANDES	BODEGA	4640
1591	MB SAN MARTIN HIDALGO	MIBODEGA	5907
1593	MB SAN MARCOS GRO	MIBODEGA	7471
1596	MB EL SECO	MIBODEGA	7471
1606	MB SAUCILLO	MIBODEGA	4640
1607	MB PUEBLO VIEJO CENTRO	MIBODEGA	8805
1611	BA REYNOSA CENTRO	BODEGA	7490
1613	SC PLAYAS DE TIJUANA	SUPERCENTER	4924
1614	MB JAMAY	MIBODEGA	5907
1615	MB LOMA BONITA	MIBODEGA	7468
1616	SC PACIFICO	SUPERCENTER	4924
1617	SC MEXICALI NOVENA	SUPERCENTER	4924
1621	SC LA ANTORCHA	SUPERCENTER	7464
1622	SC GOMEZ MORIN	SUPERCENTER	7490
1623	SC CUAUHTEMOC	SUPERCENTER	4640
1624	SC COMITAN	SUPERCENTER	7468
1627	WALMART EXPRESS SAN ISIDR	WMEXPRESS	7493
1633	BA MATATLAN	BODEGA	7493
1634	BA CUAUTZINGO CHALCO	BODEGA	7471
1647	MB TALA OESTE	MIBODEGA	5907
1648	MB COCULA JALISCO	MIBODEGA	5907
1649	MB CACAHOATAN	MIBODEGA	7468
1650	MB CD IXTEPEC	MIBODEGA	7468
1651	MB OJO CALIENTE	MIBODEGA	5907
1655	MB JALTENANGO	MIBODEGA	7468
1656	SC CLUB DE GOLF	SUPERCENTER	4640
1659	SC MERIDA CAMPESTRE	SUPERCENTER	4188
1660	BA GUAMUCHIL	BODEGA	7487
1661	BA PENJAMO	BODEGA	7494
1663	BA EL MANANTIAL	BODEGA	7482
1664	BA MEXIQUENSE	BODEGA	7482
1665	BA VILLAS OTOCH	BODEGA	4188
1667	BA CABORCA	BODEGA	4924
1682	SC SALVADOR NAVA	SUPERCENTER	7490
1683	SC VICENTE GUERRERO	SUPERCENTER	7471
1684	SC CHILPANCINGO	SUPERCENTER	7471
1685	SC AEROPUERTO CD D CARMEN	SUPERCENTER	7468
1686	SC LA CIMA	SUPERCENTER	7493
1689	BA REAL DEL BOSQUE CHP	BODEGA	7468
1690	BA AEROPUERTO CHIH	BODEGA	4640
1691	BA QRO UNIVERSIDAD	BODEGA	7494
1692	BA JOSE MA IGLESIAS	BODEGA	7493
1693	BA JALPA DE MENDEZ	BODEGA	7468
1706	MB DIAZ ORDAZ TAM	MIBODEGA	5922
1708	MB COALCOMAN	MIBODEGA	5907
1710	MB SANTA ANA	MIBODEGA	4924
1713	MB LA FRONTERA	MIBODEGA	8805
1714	MB 16 DE SEPTIEMBRE	MIBODEGA	8805
1715	MB JUAN DE LA BARRERA	MIBODEGA	5907
1716	MB TLAJOMULCO	MIBODEGA	5907
1718	MB S PAPASQUIARO	MIBODEGA	7487
1719	MB VILLA TEXTIL	MIBODEGA	5907
1721	MB ARCELIA	MIBODEGA	8805
1724	SC LOS REYES PZA ZUMPANGO	SUPERCENTER	7464
1727	SC SINALOA GUASAVE	SUPERCENTER	7487
1728	BA SARAGUATO	BODEGA	7468
1729	MB PLUTARCO ELIAS CALLES	MIBODEGA	8805
1753	BA PERIFERICO ORIENTE	BODEGA	7494
1754	BA TAPACHULA BUENOS AIRES	BODEGA	7468
1755	MB APAXCO CENTRO	MIBODEGA	8805
1758	MB PINOTEPA NACIONAL	MIBODEGA	7471
1759	MB ZIMAPAN	MIBODEGA	8805
1761	MB ALLENDE NUEVO LEON	MIBODEGA	5922
1762	MB CUNDUACAN	MIBODEGA	7468
1763	BA TORRES DEL REY	BODEGA	4640
1765	BA MONTOYA	BODEGA	7471
1766	MB MADERA	MIBODEGA	4640
1767	BA PUERTO DE PALOS	BODEGA	4640
1768	BA EL REFUGIO	BODEGA	7471
1770	SC PATIO SANTA FE	SUPERCENTER	7464
1780	MB CUITZEO	MIBODEGA	8805
1783	MB PLAYA VICENTE	MIBODEGA	7468
1785	BD MATAMOROS NORTE	BODEGA	7490
1801	SC CIUDAD JUDICIAL	SUPERCENTER	7471
1804	SC MACRO PLAZA OAXACA	SUPERCENTER	7471
1810	SC SAN ISIDRO	SUPERCENTER	7493
1812	MB LIENZO	MIBODEGA	5907
1813	MB OTUMBA	MIBODEGA	8805
1814	MB CARDEL	MIBODEGA	7471
1816	MB MIAHUATLAN	MIBODEGA	7471
1818	MB HUETAMO	MIBODEGA	8805
1819	MB TAMAZUNCHALE	MIBODEGA	8805
1820	MB PARRAS COAH	MIBODEGA	5922
1821	BA SAN LORENZO	BODEGA	7471
1823	BA JARDS DE LA PRIMAVERA	BODEGA	7490
1824	BA LOS CABOS	BODEGA	7487
1826	MB EL CARMEN TEQUEXQUITLA	MIBODEGA	7471
1828	BA ACOLMAN TEPEXPAN	BODEGA	7494
1829	BA ALMOLOYA	BODEGA	7494
1830	BA ARBOLADA LS SAUCES	BODEGA	7482
1833	SC CERRO DE LA SILLA	SUPERCENTER	7490
1834	SC PLAZA DEL LAGO	SUPERCENTER	7464
1841	BA PLAN DE AYALA	BODEGA	7471
1858	BD OCOSINGO SUR	BODEGA	7468
1863	MB XALISCO	MIBODEGA	5907
1864	MB 5 DE MAYO	MIBODEGA	7471
1867	BA FELIX GALVAN	BODEGA	7490
1870	BA TEPOTZOTLAN	BODEGA	7482
1893	MB LIBRES	MIBODEGA	7471
1894	MB CENTRAL SUR	MIBODEGA	7468
1897	BA S CRISTOBAL D L CASAS	BODEGA	7468
1899	BA SAN JUAN DE LA LABOR	BODEGA	7482
1900	BA DOS RIOS	BODEGA	7490
1901	MB OAXTEPEC	MIBODEGA	7471
1902	SC AEROPUERTO TAMPICO	SUPERCENTER	7490
1919	MB OXKUTZCAB	MIBODEGA	4188
1921	MB SAN MATEO ATARASQUILLO	MIBODEGA	8805
1922	MB PUERTO ESCONDIDO	MIBODEGA	7468
1923	BA AMALUCAN	BODEGA	7471
1927	BA PUERTA DEL SOL REAPERT	BODEGA	7490
1928	BD ESTACION NUEVA	BODEGA	7468
1930	BA EL ORO TULTITLAN	BODEGA	7482
1931	BA LERDO	BODEGA	7490
1943	BA FRAC MERIDA LS AMERICA	BODEGA	4188
1945	BAE LA ALBORADA	BAE	7457
1951	MB VILLA PARRILLA	MIBODEGA	7468
1952	MB KANASIN	MIBODEGA	4188
1953	MB SONOYTA	MIBODEGA	4924
1954	MB MORELOS HUAMANTLA	MIBODEGA	8805
1955	MB NOPOLO	MIBODEGA	7487
1960	MB GUADALUPE VICTORIA	MIBODEGA	7487
1961	MB VILLA VICTORIA	MIBODEGA	8805
1963	MB ZARAGOZA	MIBODEGA	7468
1974	SC BOSQUES DE RENTERIA	SUPERCENTER	7464
1975	BA PRIMER ANILLO	BODEGA	7493
1977	MB AMOZOC	MIBODEGA	7471
1978	MB CHILAPA DE ALVAREZ	MIBODEGA	8805
1979	MB TENANGO CENTRO	MIBODEGA	8805
1980	MB XOCHITEPEC CENTRO	MIBODEGA	7471
1982	MB BOULEVARD JUAREZ	MIBODEGA	8805
1983	MB TICUL	MIBODEGA	4188
2000	BA MAZATLAN	BODEGA	7487
2006	BA JUCHITAN	BODEGA	7468
2008	BA SAN ANDRES TUXTLA	BODEGA	7468
2009	BA SLP ACCESO NTE	BODEGA	7494
2015	MB PURUANDIRO	MIBODEGA	8805
2017	MB VALLE DE SANTIAGO	MIBODEGA	8805
2018	MB SALVATIERRA	MIBODEGA	8805
2019	MB AUTLAN	MIBODEGA	5907
2020	MB LAS CHOAPAS	MIBODEGA	7468
2023	SC MACROPLAZA INSURGENTES	SUPERCENTER	4924
2024	BA EJERCITO MEXICANO	BODEGA	7471
2026	BA ACAPULCO UNIV	BODEGA	7494
2027	BA ZACATECAS	BODEGA	7493
2028	BA CONCEPCION DEL VALLE	BODEGA	7493
2029	BA MERIDA ITZAES	BODEGA	4188
2033	SC PLAZA ORIENTE	SUPERCENTER	7471
2034	SC LAS TORRES	SUPERCENTER	7490
2038	BA SILAO	BODEGA	7494
2039	MB TANTOYUCA	MIBODEGA	8805
2040	MB PANUCO	MIBODEGA	8805
2041	SC TOLTECAS	SUPERCENTER	7464
2042	SC GRECO NOGALES	SUPERCENTER	4924
2044	SC VALLE ORIENTE	SUPERCENTER	7490
2049	SC ZARAGOZA	SUPERCENTER	4640
2050	SC URUAPAN	SUPERCENTER	7493
2052	WALMART EXPRESS XALAPA	WMEXPRESS	7471
2053	SC BLVD COLOSIO	SUPERCENTER	7487
2054	BA TERRANOVA	BODEGA	7482
2055	MB ZACATLAN	MIBODEGA	8805
2058	MB COMONFORT	MIBODEGA	8805
2059	MB SAYULA	MIBODEGA	5907
2061	MB IXTLAN DEL RIO	MIBODEGA	5907
2062	BA PLAYA DEL CARMEN NORTE	BODEGA	4188
2066	BA REFORMA SUR	BODEGA	7471
2067	MB ENCARNACION JAL	MIBODEGA	5907
2069	MB NUEVA ITALIA	MIBODEGA	5907
2070	BA SOCONUSCO	BODEGA	7468
2072	BA PORTAL CHALCO	BODEGA	7471
2073	BA NOGALES	BODEGA	4924
2074	SC CARRETERA 57	SUPERCENTER	7490
2075	SC SLP MUNOZ	SUPERCENTER	7490
2076	SC MIGUEL ALEMAN	SUPERCENTER	7490
2077	BA SLP REFORMA	BODEGA	7494
2078	BA MATEHUALA	BODEGA	7490
2079	SC CD JARDIN	SUPERCENTER	7471
2080	SC SLP ARBOLEDAS	SUPERCENTER	7490
2085	MB PEROTE	MIBODEGA	7471
2086	MB APASEO EL ALTO	MIBODEGA	8805
2087	MB ACTOPAN	MIBODEGA	8805
2088	MB XICOTEPEC	MIBODEGA	8805
2089	SC PLAZA MONUMENTAL	SUPERCENTER	4640
2090	SC ANGELOPOLIS	SUPERCENTER	7471
2091	SC EL SAUZ CELAYA	SUPERCENTER	7464
2092	WALMART EXPRESS CAMPESTRE	WMEXPRESS	7493
2093	WALMART EXPRESS BONAMPAK	WMEXPRESS	4188
2096	MB ZUMPANGO DEL RIO	MIBODEGA	8805
2097	BA PUEBLO NUEVO	BODEGA	7490
2098	BA SAUCITO	BODEGA	7494
2099	BA CORTAZAR	BODEGA	7494
2101	BD NUEVO LAREDO PERIFERIC	BODEGA	7490
2104	MB ESCARCEGA JUSTO SIERRA	MIBODEGA	7468
2106	BA LAS PALMAS	BODEGA	7487
2108	BA KALA	BODEGA	4188
2111	BD AGUAMILPA	BODEGA	7493
2112	BA AV MEXICO II	BODEGA	7493
2113	MB PABELLON LIBRAMIENTO	MIBODEGA	5907
2114	MB CATEMACO	MIBODEGA	7468
2115	MB MAPASTEPEC	MIBODEGA	7468
2124	BAE 90 PONIENTE	BAE	7459
2135	BA CLINICA UNION DEL CUAT	BODEGA	7493
2136	BA BOULEVARD MORELOS	BODEGA	7494
2138	BA DELICIAS SUR	BODEGA	4640
2141	BA XONACATLAN	BODEGA	7494
2142	BA REFORMA MACUSPANA	BODEGA	7468
2143	MI BODEGA TEOPISCA	MIBODEGA	7468
2144	MB VICENTE GUERRERO	MIBODEGA	7487
2145	MB NORTE CHIGNAHUAPAN	MIBODEGA	8805
2169	BAE POPOTLA	BAE	7457
2176	MB ALEMAN CENTRO	MIBODEGA	5922
2179	SC SAN NICOLAS	SUPERCENTER	7490
2197	MB DZIDZANTUN	MIBODEGA	4188
2204	SC MARINA MAZATLAN	SUPERCENTER	7487
2210	MB ACAMBAY	MIBODEGA	8805
2211	SC MAHATMA GANDHI	SUPERCENTER	7493
2212	MB OJINAGA	MIBODEGA	4640
2213	BD HUICHAPAN	BODEGA	7482
2215	MB TASQUILLO	MIBODEGA	8805
2218	SC TUXPAN	SUPERCENTER	7471
2219	SC HUEHUETOCA JOROBAS	SUPERCENTER	7464
2220	WALMART EXPRESS RUBEN DAR	WMEXPRESS	7493
2221	BA ALPINISMO	BODEGA	7494
2222	BA SAN JERONIMO	BODEGA	7471
2223	BA REYNOSA	BODEGA	7490
2224	BA CD JUAREZ JILOTEPEC	BODEGA	4640
2225	BA TIJUANA SUR	BODEGA	4924
2228	BA LA POLAR	BODEGA	7494
2232	BAE VILLAS ESTRELLA	BAE	7459
2240	BA STA CRUZ	BODEGA	7494
2243	BA NAVOJOA	BODEGA	7487
2244	MB LA BARCA	MIBODEGA	5907
2246	MI BO LAS MARGARITAS	MIBODEGA	7468
2247	MB LAZARO GUTIERREZ	MIBODEGA	4640
2266	BAE LOS GALLOS	BAE	7457
2271	SC AGUASCALIENTES ORIENTE	SUPERCENTER	7493
2281	MB JESUS CHAPARRO	MIBODEGA	8805
2284	SC PORTAL CUAUTITLAN	SUPERCENTER	7464
2285	MB HUEJOTZINGO CALLE MOR	MIBODEGA	7471
2286	MB COBA TULUM	MIBODEGA	4188
2289	MB FELI CARRI PTO	MIBODEGA	4188
2300	MB VICENTE	MIBODEGA	4640
2302	SC CHIHUAHUA	SUPERCENTER	4640
2303	SC HERMOSILLO	SUPERCENTER	7487
2304	SC MEXICALI	SUPERCENTER	4924
2316	MB BUENAVISTA	MIBODEGA	5907
2325	SC COLINAS DEL PADRE	SUPERCENTER	7493
2332	MB TECOLUTILLA	MIBODEGA	7468
2340	BA PIE DE LA CUESTA	BODEGA	7494
2341	MB CANATLAN	MIBODEGA	7487
2342	SC VALLARTA	SUPERCENTER	7493
2343	SC TOLUCA	SUPERCENTER	7464
2344	SC TOREO	SUPERCENTER	7464
2345	SC TEPEYAC	SUPERCENTER	7464
2346	SC AGUASCALIENTES	SUPERCENTER	7493
2347	SC TLAHUAC	SUPERCENTER	7471
2349	SC ACAPULCO	SUPERCENTER	7471
2352	BA MOCHICAHUI	BODEGA	7487
2355	BA RIO MEZQUITE	BODEGA	7494
2356	SC QUERETARO	SUPERCENTER	7464
2358	BA EMILIO CARRANZA	BODEGA	7494
2362	BA HUAJUAPAN 2 DE ABRIL	BODEGA	7471
2363	MB CRUZ DE ELOTA	MIBODEGA	7487
2371	BA GUAYMAS PONIENTE	BODEGA	7487
2374	SC JARDINES DEL COUNTRY	SUPERCENTER	7464
2375	SC TORREON	SUPERCENTER	7490
2377	SC CD.JUAREZ	SUPERCENTER	4640
2378	SC TAMPICO	SUPERCENTER	7490
2379	SC CULIACAN	SUPERCENTER	7487
2380	SC CD. OBREGON	SUPERCENTER	7487
2381	SC MORELIA	SUPERCENTER	7464
2382	SC INTERLOMAS	SUPERCENTER	7464
2383	SC MERIDA	SUPERCENTER	4188
2384	SC CANCUN LABNA	SUPERCENTER	4188
2386	BA AVENIDA DALIAS	BODEGA	7494
2387	BA HACIENDA DE TIZAYUCA	BODEGA	7482
2390	BA OAXACA AEROPUERTO	BODEGA	7471
2405	BAE VALLE TEJEDA	BAE	7460
2410	BA PERIFERICO NORTE IGUAL	BODEGA	7471
2411	MB TLALIXCOYAN PIEDRAS NE	MIBODEGA	7471
2413	MB FLAMINGOS	MIBODEGA	8805
2421	BA SANTIAGO TULANTEPEC	BODEGA	7482
2423	BA ATLIXCO CENTRO	BODEGA	7471
2424	BA ARISTOTELES	BODEGA	7494
2427	MB TEOLOCHOLCO	MIBODEGA	7471
2430	SC COPILCO	SUPERCENTER	7464
2431	SC SAN LUIS POTOSI	SUPERCENTER	7490
2432	SC DURANGO	SUPERCENTER	7487
2433	SC LEON TORRES LANDA	SUPERCENTER	7464
2434	MB TEPEAPULCO	MIBODEGA	8805
2445	SC AVENIDA DEL JACAL	SUPERCENTER	7464
2446	SC AVERANDA	SUPERCENTER	7471
2448	SC PUNTA DEL ESTE	SUPERCENTER	7464
2449	MB JUAN JOSE RIOS	MIBODEGA	7487
2450	MB PUEBLO YAQUI	MIBODEGA	7487
2452	BOD PASO LIMON	BODEGA	7468
2455	MB SAN BLAS BATALLON	MIBODEGA	5907
2457	BD ALTAMIRA SUR	BODEGA	7490
2459	BOD SOLIDARIDAD IRAPUATO	BODEGA	7494
2461	MIB TAMAYO	MIBODEGA	8805
2463	SC VERACRUZ	SUPERCENTER	7471
2464	SC MIRAMONTES	SUPERCENTER	7471
2465	SC SALTILLO	SUPERCENTER	7490
2466	SC CUITLAHUAC	SUPERCENTER	7464
2468	SC VILLAHERMOSA II	SUPERCENTER	7468
2469	MB TIXKOKOB	MIBODEGA	4188
2470	MB TAMUIN	MIBODEGA	8805
2471	MB LERDO DE TEJADA	MIBODEGA	7468
2476	BA NAHIL	BODEGA	4188
2492	MB DEL CERRILLO	MIBODEGA	7468
2505	BA ANILLO PERIFERICO ESCO	BODEGA	7490
2507	MB RANCHO SAN JUAN	MIBODEGA	8805
2508	MB SALINAS HIDALGO	MIBODEGA	8805
2509	BA RICARDO ANAYA	BODEGA	7494
2510	MB TIZAPAN	MIBODEGA	5907
2525	BA RIO HONDO	BODEGA	7494
2528	BA FLORES MAGON	BODEGA	7494
2529	BA MIELERAS	BODEGA	7490
2540	SC VICTORIA CENTRO	SUPERCENTER	7490
2541	SC SALAMANCA	SUPERCENTER	7464
2543	BA EJE NORPONIENTE	BODEGA	7494
2544	BD PRIMO DE VERDAD	BODEGA	7487
2548	BA AV UNIVERSIDAD	BODEGA	7493
2574	WALMART EXPRESS NUEVO SUR	WMEXPRESS	7490
2586	BD RODOLFO ELIAS CALLES	BODEGA	7487
2587	MB CARDENAS	MIBODEGA	5922
2588	MB BOSQUES DE ALDAMA	MIBODEGA	4640
2591	BA TAMPICO	BODEGA	7490
2593	MB SAN FELIPE	MIBODEGA	8805
2594	MB VILLA JUAREZ	MIBODEGA	7487
2595	MB TARIMORO	MIBODEGA	8805
2597	BA COSOLEACAQUE	BODEGA	7468
2643	SC NICOLAS ROMERO	SUPERCENTER	7464
2644	SC PATIO TLALPAN	SUPERCENTER	7471
2645	SC ESCOBEDO NORTE	SUPERCENTER	7490
2646	SC CARR INTER OBREGON	SUPERCENTER	7487
2648	SC PLAZA EL PASEO	SUPERCENTER	7471
2652	BAE VALLE MORELOS	BAE	7461
2661	BA DURANGO NORTE	BODEGA	7487
2664	BA COATEPEC SUR	BODEGA	7471
2665	BA SANTA FE TIJUANA	BODEGA	4924
2666	BA JOJUTLA	BODEGA	7471
2667	BA TLAPA	BODEGA	7471
2669	MB SANTIAGUITO	MIBODEGA	8805
2670	SC TLALPAN	SUPERCENTER	7471
2676	SC LA FE	SUPERCENTER	7490
2683	MB JOCOTITLAN	MIBODEGA	8805
2689	SC FELIX CUEVAS	SUPERCENTER	7464
2694	MB MOCHIS CENTRO	MIBODEGA	7487
2698	MB PRADERA DORADA	MIBODEGA	7487
2710	MB GUACHOCHI	MIBODEGA	4640
2731	SC EL MOLINITO TLAXCALA	SUPERCENTER	7471
2732	SC HOSPITAL GENERAL	SUPERCENTER	7471
2733	SC PONIENTE QUERETARO	SUPERCENTER	7464
2734	SC PLAZA ANA	SUPERCENTER	7493
2735	SC LA CRUZ	SUPERCENTER	4188
2736	BA CHIMALHUACAN PENON	BODEGA	7471
2737	BA ETZATLAN	BODEGA	7494
2738	BA MITRAS	BODEGA	7490
2739	MB CARLOS A CARRILLO	MIBODEGA	7468
2740	BA TALAMAS CAMANDARI	BODEGA	4640
2741	BA OTILIO GONZALEZ	BODEGA	7490
2765	SC SAN JOSE DEL CABO	SUPERCENTER	7487
2766	WALMART EXPRESS FELIX CUE	WMEXPRESS	7464
2767	BA DOCTORES	BODEGA	7494
2768	BA AGUSTIN LARA	BODEGA	7471
2769	BA HERMANOS SERDAN	BODEGA	7471
2782	MB OCOYOACAC	MIBODEGA	8805
2783	MB VILLA GUERRERO	MIBODEGA	8805
2785	MB TENERIA	MIBODEGA	8805
2786	MB TIXTLA GUERRERO	MIBODEGA	8805
2787	BA INDUSTRIAS NORTE	BODEGA	4640
2788	BA AV DE LAS TORRES	BODEGA	7471
2805	WALMART EXPRESS CONCHAL	WMEXPRESS	7471
2808	BA CUAUTLANCINGO	BODEGA	7471
2809	BA MEDELLIN II	BODEGA	7471
2810	BA LAS FUENTES	BODEGA	7490
2811	MB AXOCHIAPAN	MIBODEGA	7471
2812	MB AJALPAN	MIBODEGA	7471
2814	MB CUITLAHUAC	MIBODEGA	7471
2815	MB CALVILLO	MIBODEGA	5907
2816	MB PUTLA	MIBODEGA	7471
2817	MB TEKAX CENTRO	MIBODEGA	4188
2820	MB ATOTONILCO SUR	MIBODEGA	8805
2823	MB EL ORO DE HIDALGO	MIBODEGA	8805
2824	MB APAN ALDAMA	MIBODEGA	8805
2825	MB MOTOZINTLA ACCESO	MIBODEGA	7468
2826	MB JERECUARO	MIBODEGA	8805
2828	MB SUCHIAPA SUR	MIBODEGA	7468
2829	WALMART EXPRESS CALZADA D	WMEXPRESS	7464
2830	WALMART EXPRESS JARDINES	WMEXPRESS	7471
2839	SC XALAPA ARCO SUR	SUPERCENTER	7471
2840	SC INSURGENTES CHETUMAL	SUPERCENTER	4188
2850	MB JALPAN CENTRO	MIBODEGA	8805
2851	BA HILAMAS LEON	BODEGA	7494
2863	BAE LOMAS DE SAN AGUSTIN	BAE	7460
2866	MB VINEDOS	MIBODEGA	7487
2868	BA JARDINES COLON	BODEGA	7493
2869	BA ZUA ZUA	BODEGA	7490
2871	BA VIENTO NUEVO	BODEGA	7494
2873	BA DIMAS	BODEGA	7494
2875	MB COATZINTLA	MIBODEGA	8805
2876	MB IXTACZOQUITLAN	MIBODEGA	7471
2877	MB CALKINI	MIBODEGA	4188
2895	WALMART EXPRESS LA MARINA	WMEXPRESS	7471
2898	MB CIUDAD DE HUITZUCO	MIBODEGA	7471
2899	BA HERMOSILLO ORIENTE	BODEGA	7487
2908	BD TIERRA BLANCA	BODEGA	7468
2910	BA CHUBURNA	BODEGA	4188
2919	BA EL AGUILA	BODEGA	4924
2920	BA SALTILLO SUR	BODEGA	7490
2921	BA MATA DE PITA	BODEGA	7471
2922	BA TEPEJI DEL RIO	BODEGA	7482
2924	MB MIGUEL ALEMAN LA DOCE	MIBODEGA	7487
2925	MB COLOTLAN	MIBODEGA	5907
2926	MB PIJIJIAPAN RINCON	MIBODEGA	7468
2927	MB CERRITOS	MIBODEGA	5922
2928	MB SANTA MARIA CENTRO	MIBODEGA	8805
2929	MB PASO DEL MACHO	MIBODEGA	7471
2932	BA LAS TRANCAS	BODEGA	7471
2943	MB OCOZOCUAUTLA SUR	MIBODEGA	7468
2945	BA VALLADOLID	BODEGA	4188
2946	SC PUEBLITO	SUPERCENTER	7464
2947	SC ENSENADA CENTRO	SUPERCENTER	4924
2948	BA JIBARITO	BODEGA	4924
2950	MB SEYBAPLAYA	MIBODEGA	4188
2951	BA VERACRUZ NORTE	BODEGA	7471
2952	BA SAN FCO TOTIMEHUACAN	BODEGA	7471
2953	BA EL VERDE	BODEGA	7493
2954	BD EL DORADO TULTEPEC	BODEGA	7482
2955	MB TANGANCICUARO	MIBODEGA	5907
2956	BD SALIDA SAUCEDA BORDA	BODEGA	7493
2958	MB ARMERIA	MIBODEGA	5907
2977	MB TONALA PLAZA	MIBODEGA	7468
2979	BAE ANDRES QUINTANA ROO	BAE	7457
2982	MB VILLA UNION POANAS	MIBODEGA	7487
2983	MB GUASAVE CENTRO	MIBODEGA	7487
2989	SC VALLE REAL	SUPERCENTER	7493
2993	BA CAMINO A TLALTEPANGO	BODEGA	7471
2994	BA DUARTE	BODEGA	7494
2996	BA SALIDA A SANALONA	BODEGA	7487
2999	BA TALA RUISENORES	BODEGA	7493
3000	BA TAXCO LIBRAMIENTO	BODEGA	7494
3001	BA CORDOBA AV 11	BODEGA	7468
3002	BA SUMIDERO	BODEGA	7468
3004	BA HUAUCHINANGO	BODEGA	7494
3005	SC PLAZA ARAGON	SUPERCENTER	7464
3008	MB MISANTLA	MIBODEGA	7471
3009	MB RINCON DE ROMOS	MIBODEGA	5907
3012	MB TEMOAYA	MIBODEGA	8805
3013	MB TEMPOAL DE SANCHEZ	MIBODEGA	8805
3014	SC DURANGO EL EDEN	SUPERCENTER	7487
3015	SC ENSENADA	SUPERCENTER	4924
3016	SC MACRO PLAZA HEROES	SUPERCENTER	7471
3018	BA LIBRAMIENTO	BODEGA	7490
3019	BA RINCON SN ANTONIO	BODEGA	7490
3020	BA XALOSTOC	BODEGA	7482
3021	MB XICOTENCATL	MIBODEGA	5922
3022	BA PROGRESO	BODEGA	4188
3023	BA HUAJUAPAN	BODEGA	7471
3025	WALMART EXPRESS PARQUES P	WMEXPRESS	7464
3026	BA GOBERNADORA	BODEGA	7482
3030	SC BLVD MORELOS	SUPERCENTER	7487
3031	SC CELAYA IRRIGACION	SUPERCENTER	7464
3033	SC FUENTES MARES	SUPERCENTER	4640
3034	WALMART EXPRESS F DE LAS	WMEXPRESS	7464
3035	WALMART EXPRESS GALERIAS	WMEXPRESS	7468
3038	BA CD MANTE	BODEGA	7490
3039	BA SAN MIGUEL DE ALLENDE	BODEGA	7494
3040	BA JUAN PABLO II	BODEGA	4188
3041	BA TRANSISTMICA	BODEGA	7468
3042	BA SANTA PAULA	BODEGA	7493
3043	BA ZINACANTEPEC	BODEGA	7482
3046	MB MARAVATIO	MIBODEGA	8805
3047	MB JILOTEPEC	MIBODEGA	8805
3048	MB JEREZ ZACATECAS	MIBODEGA	5907
3049	MB TEAPA	MIBODEGA	7468
3050	MB V DEL MEZQUITAL	MIBODEGA	8805
3051	SC PLAZA CENTRIKA	SUPERCENTER	7490
3053	WALMART EXPRESS MONTEJO	WMEXPRESS	4188
3054	WALMART EXPRESS SANTA ANI	WMEXPRESS	7493
3055	SC BATAN	SUPERCENTER	7493
3056	BA SIGLO XXI	BODEGA	7493
3061	SC PACHUCA	SUPERCENTER	7464
3065	BA BOSQUES DEL VALLE	BODEGA	7482
3066	BA ANTONIO ROCHA	BODEGA	7494
3067	BA SALINA CRUZ	BODEGA	7468
3068	BA CIUDAD RIO VERDE	BODEGA	7494
3069	SC CABO SAN LUCAS	SUPERCENTER	7487
3071	SC FRANCISCO VILLA	SUPERCENTER	7487
3072	BD CENTRAL	BODEGA	7490
3073	BA MULTIPLAZA REAL	BODEGA	7490
3074	BA VILLAS DE LA HACIENDA	BODEGA	7482
3083	BD SAN ANDRES	BODEGA	7490
3084	MB HUIMANGUILLO	MIBODEGA	7468
3085	MB RIO GRANDE	MIBODEGA	5922
3088	MB YURECUARO	MIBODEGA	5907
3089	MB ZACUALTIPAN	MIBODEGA	8805
3091	SC NUEVO LAREDO	SUPERCENTER	7490
3092	BD REFORMA MIXQUIAHUALA	BODEGA	7482
3098	BA GUADALUPANA	BODEGA	7482
3099	BD COLIMA CENTRO	BODEGA	7493
3100	BA QUINTAS DL REFUGIO	BODEGA	4924
3102	BA CD CONSTITUCION	BODEGA	7487
3103	BA LAURO VILLAR	BODEGA	7490
3109	MB HALACHO	MIBODEGA	4188
3113	SC NILO LOMAS D L PAJAROS	SUPERCENTER	7493
3114	SC CUMBRES MONTERREY	SUPERCENTER	7490
3119	BA CAMINO REAL	BODEGA	7487
3121	BA YAUTEPEC	BODEGA	7471
3122	MB NEXTLALPAN	MIBODEGA	8805
3124	MB CTRO TLATLAUQUITEPEC	MIBODEGA	7471
3125	MB POCHUTLA CENTRO	MIBODEGA	7468
3126	MB PUENTE DE IXTLA	MIBODEGA	7471
3127	SC LIBRAMIENTO NORTE	SUPERCENTER	7468
3140	WALMART EXPRESS JURIQUILL	WMEXPRESS	7464
3141	BA SAN PABLO TULTITLAN	BODEGA	7482
3142	BA CAMINO A QUIROGA	BODEGA	7494
3143	BA LOS AGAVES	BODEGA	7493
3144	BA DEL PRADO II	BODEGA	4924
3146	BA CHAVENA JUAREZ	BODEGA	4640
3147	BA MATILDE	BODEGA	7494
3148	BA SAN LUIS DE LA PAZ	BODEGA	7494
3149	BAE RIO NAZAS	BAE	8806
3150	MB CAPULTITLAN	MIBODEGA	8805
3151	MB S ANDRES CUEXCONTITLAN	MIBODEGA	8805
3152	MB SAN PABLO AUTOPAN	MIBODEGA	8805
3153	MB SOMBRERETE CENTRO	MIBODEGA	5922
3154	MB BRAVO ZAPOTILTIC	MIBODEGA	5907
3167	BA SANTA INES	BODEGA	7482
3173	BA TEJERIA	BODEGA	7471
3174	MB BANDERILLA	MIBODEGA	7471
3175	MB SAN ANTONINO	MIBODEGA	7471
3176	SC OJO DE AGUA	SUPERCENTER	7464
3177	WALMART EXPRESS INSURGENT	WMEXPRESS	7471
3187	BD CAMINO A TLACOTE	BODEGA	7494
3189	BD VILLARREAL	BODEGA	7490
3191	BD OUTLET PUEBLA	BODEGA	7471
3196	BD MELCHOR GUASPE	BODEGA	4640
3197	MB EL GRULLO OESTE	MIBODEGA	5907
3198	SC CERRO GRANDE	SUPERCENTER	7493
3199	WALMART EXPRESS PASEOS DE	WMEXPRESS	7464
3211	SC INDEPENDENCIA TORREON	SUPERCENTER	7490
3212	WALMART EXPRESS VILLAS IR	WMEXPRESS	7464
3213	BA LA PRESA	BODEGA	7482
3214	BA CHINAMPA	BODEGA	7494
3216	BA JESUS MARIA II	BODEGA	7493
3219	MB JUAN ALDAMA	MIBODEGA	5922
3220	MB ROMITA	MIBODEGA	8805
3223	WALMART EXPRESS DEL VALLE	WMEXPRESS	7464
3226	BA ENSENADA	BODEGA	4924
3227	BD TUXPAN CENTRO	BODEGA	7494
3228	BA MANTO DE LA VIRGEN	BODEGA	7490
3230	BA CHILPANCINGO NORTE	BODEGA	7471
3231	BD VILLA DEL CAMPO	BODEGA	4924
3232	MB TLAXCO	MIBODEGA	7471
3233	BD MEXICALI VILLAS	BODEGA	4924
3234	MB TEZONTEPEC DE ALDAMA	MIBODEGA	8805
3238	BA LAS AZUCENAS	BODEGA	7493
3239	SC PASEO REAL	SUPERCENTER	7490
3240	MB SAN PABLO DEL MONTE	MIBODEGA	7471
3241	SC PLAZA DEL VALLE	SUPERCENTER	7468
3243	MB TACAMBARO	MIBODEGA	8805
3244	MB CADEREYTA DE MONTES	MIBODEGA	8805
3253	SC ALTABRISA	SUPERCENTER	4188
3257	SC TEPATITLAN	SUPERCENTER	7493
3260	BAE ARTEAGA CENTRO	BAE	8806
3263	SC PILARES	SUPERCENTER	7464
3275	BAE BAHIA COLON	BAE	7460
3285	BD ENRIQUE ESTRADA	BODEGA	7493
3291	BA SALAMANCA SUR	BODEGA	7494
3293	SC BLVD RUIZ CORTINES	SUPERCENTER	7468
3294	BA NICOLAS BRAVO	BODEGA	7471
3295	BA GLORIETA CAUCEL	BODEGA	4188
3296	BA VILLAS DE AYOTLA	BODEGA	7471
3297	BA RIO BLANCO	BODEGA	7471
3298	BA ESCOBEDO MTY	BODEGA	7490
3300	MB CUERVOS	MIBODEGA	4924
3301	MB TEPEACA CENTRO	MIBODEGA	7471
3304	BA CAR A VILLA FLORES	BODEGA	7468
3305	BAE IZCALLI DEL VALLE	BAE	7457
3355	SC ESTADIO	SUPERCENTER	7464
3356	SC LAZARO CARDENAS	SUPERCENTER	7493
3357	SC IRAPUATO SUR	SUPERCENTER	7464
3358	SC CORDILLERAS	SUPERCENTER	4640
3360	BA TOLUQUILLA	BODEGA	7493
3361	BD LA MANGANA	BODEGA	7494
3362	BA TOPOCHICO	BODEGA	7490
3363	TLALCILALCALPAN	MIBODEGA	8805
3364	MB TEJUPILCO CRISTOBAL	MIBODEGA	8805
3366	MB COSCOMATEPEC DE BRAVO	MIBODEGA	7471
3367	MB MANEADERO	MIBODEGA	4924
3368	MB GUADALUPE VICTORIA	MIBODEGA	4924
3397	WALMART EXPRESS MAYORAZGO	WMEXPRESS	7471
3399	BA COZUMEL	BODEGA	4188
3400	BA DELICIAS	BODEGA	4924
3401	BA CENTRAL DE ABASTOS	BODEGA	7487
3402	BA MARIANO OTERO	BODEGA	7493
3403	MB PALADIO	MIBODEGA	7487
3406	BA PUERTO PENASCO	BODEGA	4924
3407	MB SAN FRANCISCO DE LOS R	MIBODEGA	5907
3408	MB VILLA DE ETLA	MIBODEGA	7471
3409	BA ADOLFO LOPEZ MATEOS	BODEGA	7494
3411	MB COATEPEC HARINAS	MIBODEGA	8805
3415	BD FERRERIA	BODEGA	7494
3431	MB PLAZA SAN DIEGO	MIBODEGA	8805
3432	BA HACIENDA LA HUASTECA	BODEGA	7490
3442	BA GLORIETA APIZACO	BODEGA	7471
3443	BA CLOUTHIER	BODEGA	7490
3444	BA VENCEDOR	BODEGA	7494
3464	MB CD DEL MAIZ BARRAGAN	MIBODEGA	5922
3479	WALMART EXPRESS POPOCATEP	WMEXPRESS	7471
3480	WALMART EXPRESS WTC DAKOT	WMEXPRESS	7464
3485	BA OTAY	BODEGA	4924
3486	BD SAN FRANCISCO URUAPAN	BODEGA	7493
3487	MB TEQUIXQUIAC	MIBODEGA	8805
3503	SC ECATEPEC CENTRO	SUPERCENTER	7464
3504	SC AV JESUS DEL MONTE	SUPERCENTER	7464
3505	SC POLIGONO SUR	SUPERCENTER	4188
3506	SC SIMBOLOS PATRIOS	SUPERCENTER	7471
3511	SC MARIO COLIN	SUPERCENTER	7464
3514	BA SAHUARO	BODEGA	7487
3523	BA NUEVA KUKULCAN	BODEGA	4188
3524	BA SALAGUA	BODEGA	7493
3526	BA AEROPUERTO RIO COLORAD	BODEGA	4924
3527	BA CHETUMAL NORTE	BODEGA	4188
3533	SC PARQUE GUADIANA	SUPERCENTER	7487
3536	BA MANZANILLO	BODEGA	7493
3537	BA LINARES CENTRO	BODEGA	7490
3538	MB CUERAMARO	MIBODEGA	8805
3545	MB EJUTLA DE CRESPO	MIBODEGA	7471
3547	BA PACHUQUILLA	BODEGA	7494
3548	BA TEHUANTEPEC	BODEGA	7468
3549	MB SAN VICENTE LAS PALMAS	MIBODEGA	5907
3550	MB SANTA FE	MIBODEGA	5907
3551	MB IZAMAL	MIBODEGA	4188
3554	SC MIL CUMBRES	SUPERCENTER	7464
3555	SC PERIFERICO MERIDA	SUPERCENTER	4188
3557	BA CHULAVISTA	BODEGA	7493
3558	BA CARRETERA A NACAJUCA	BODEGA	7468
3560	BA PANAMERICANA	BODEGA	4640
3561	BA DURANGO	BODEGA	7487
3563	MB SAN BUENAVENTURA	MIBODEGA	5922
3564	MI BODEGA JALPA	MIBODEGA	5907
3565	MB CONTLA	MIBODEGA	7471
3568	MB BERRIOZABAL SUR	MIBODEGA	7468
3570	MB VILLAS NAYARIT	MIBODEGA	5907
3571	MB ZAPATA MONTECRISTO	MIBODEGA	7468
3575	MB UNION DE TULA	MIBODEGA	5907
3576	BAE MATAMOROS	BAE	7460
3585	MB SAN FERNANDO CHIAPAS	MIBODEGA	7468
3586	SC JURIQUILLA	SUPERCENTER	7464
3588	SC PARAISO	SUPERCENTER	7471
3594	MB LA UNO	MIBODEGA	8805
3605	COMBO ELECTRICISTAS	SUPERCENTER	4188
3608	SC PLAYA MIRAMAR	SUPERCENTER	7490
3613	BA EL SERI	BODEGA	7487
3622	SC LA ROSITA	SUPERCENTER	7490
3623	BA LOS FRESNOS	BODEGA	7490
3625	BA DIAZ BERLANGA	BODEGA	7490
3626	BA PLATEROS FRESNILLO	BODEGA	7493
3628	BA SAN MIGUEL	BODEGA	7490
3629	WALMART EXPRESS ECHEGARAY	WMEXPRESS	7464
3630	SC LAS ADELITAS	SUPERCENTER	7490
3631	SC TONALA	SUPERCENTER	7493
3632	SC CANCUN COMANCALCO	SUPERCENTER	4188
3654	MB VILLA DEL CARBON CENTR	MIBODEGA	8805
3656	MB HECELCHAKAN	MIBODEGA	4188
3658	MB BALANCAN	MIBODEGA	7468
3659	MB TLALTENANGO	MIBODEGA	5907
3660	MB QUIROGA CENTRO	MIBODEGA	5907
3664	SC DIAZ ORDAZ	SUPERCENTER	4924
3665	BA CANUTILLO	BODEGA	7493
3666	BA XALAPA	BODEGA	7471
3668	BA REAL DE COSTITLAN	BODEGA	7471
3669	BA NARANJOS	BODEGA	7471
3670	BA PLAYA MAYA	BODEGA	4188
3672	MB XICO	MIBODEGA	7471
3674	MB ZIMATLAN	MIBODEGA	7471
3675	MB AYUTLA	MIBODEGA	8805
3676	MB MANUEL DOBLADO	MIBODEGA	5907
3677	MB ARIO DE ROSALES CENTRO	MIBODEGA	8805
3678	MB HUATABAMPO CENTRO	MIBODEGA	7487
3679	BA NICOLAS ROMERO	BODEGA	7494
3683	BA ESTADIO ANTIGUO	BODEGA	7490
3689	BAE BOSCO	BAE	7460
3691	BA RIO ESPANITA	BODEGA	7494
3692	BA VALLE DE LINCOLN	BODEGA	7490
3693	MB PLAYAS	MIBODEGA	7468
3711	MB BENITO JUAREZ	MIBODEGA	7468
3712	MB TECUALA	MIBODEGA	7487
3713	BD RUIZ CORTINEZ	BODEGA	7490
3714	BA MARIANO HIDALGO	BODEGA	7493
3716	MB JARAL DEL PROGRESO	MIBODEGA	8805
3718	SC EJERCITO MEXICANO	SUPERCENTER	7487
3719	SC MATAMOROS	SUPERCENTER	7490
3720	SC LINCOLN	SUPERCENTER	7490
3721	SC AVILA CAMACHO	SUPERCENTER	7493
3722	BA TULANCINGO	BODEGA	7482
3725	BA PILARES	BODEGA	7482
3727	BA LOS TULIPANES	BODEGA	7482
3729	BA FUNDADORES	BODEGA	7490
3733	BA SATELITE	BODEGA	7482
3734	BA EL CONCHI	BODEGA	7487
3736	MB LIBRAMIENTO XOXOCOTLA	MIBODEGA	7471
3737	MB EL FUERTE	MIBODEGA	7487
3738	MB SANTA CRUZ ATIZAPAN	MIBODEGA	8805
3739	MB COYUCA	MIBODEGA	7471
3743	BA TULA	BODEGA	7482
3744	BA OJO CALIENTE	BODEGA	7493
3745	SC CLOUTHIER	SUPERCENTER	7464
3746	SC SOLIDARIDAD	SUPERCENTER	7487
3747	SC EL PITILLAL	SUPERCENTER	7493
3750	BA AUTOPISTA QRO.	BODEGA	7494
3751	BA INSURGENTES SUR	BODEGA	7482
3752	BA VALLEJO	BODEGA	7482
3753	BA PLAZA ARAGON	BODEGA	7494
3754	BA PLAZA LORETO	BODEGA	7471
3755	BA TACUBAYA	BODEGA	7482
3756	BA TLALNEPANTLA	BODEGA	7482
3757	BA S. JUAN DE ARAGON	BODEGA	7494
3758	MB CALLE OCHENTA Y SEIS	MIBODEGA	4188
3760	BA LOMAS ESTRELLA	BODEGA	7494
3761	BA TULYEHUALCO	BODEGA	7471
3762	BA CHIMALHUACAN	BODEGA	7471
3763	BA MARIANO ESCOBEDO	BODEGA	7482
3764	BA IZTAPALAPA	BODEGA	7482
3765	BA ECATEPEC	BODEGA	7482
3766	BA LA VIGA	BODEGA	7494
3767	BA PACHUCA	BODEGA	7482
3768	BA VILLA COAPA	BODEGA	7494
3769	BA INSURGENTES - NORTE	BODEGA	7494
3770	BA PANTITLAN	BODEGA	7471
3771	BA PLAZA CHURUBUSCO	BODEGA	7482
3772	BA PLAZA ATIZAPAN	BODEGA	7494
3773	BA VIA CAPU	BODEGA	7471
3774	BA F.F.C.C. HIDALGO	BODEGA	7494
3775	BA LA AURORA	BODEGA	7494
3776	BA SOR JUANA	BODEGA	7471
3777	BA VALLE DE ARAGON	BODEGA	7494
3778	BA XOCHIMILCO	BODEGA	7494
3779	BA COSTERA ACAPULCO	BODEGA	7494
3780	BA ATEMAJAC	BODEGA	7493
3781	BA INDEPENDENCIA	BODEGA	7493
3782	BA CENTENARIO	BODEGA	7482
3783	BA SANTA CLARA	BODEGA	7482
3784	BA 1 DE MAYO	BODEGA	7482
3785	BA CUAUTLA	BODEGA	7471
3786	BA SANTA FE	BODEGA	7482
3787	BA CUAUTITLAN	BODEGA	7482
3788	BA PUEBLA MARGARITAS	BODEGA	7471
3789	BA REVOLUCION	BODEGA	7493
3790	SC METEPEC	SUPERCENTER	7464
3791	BA FTES. DEL VALLE	BODEGA	7482
3792	BA SAN JUANICO	BODEGA	7482
3793	BA PUEBLA 11 SUR	BODEGA	7471
3794	SC ACUEDUCTO DE GPE.	SUPERCENTER	7464
3795	BA TEXCOCO	BODEGA	7494
3796	BA PUEBLA MAYORAZGO	BODEGA	7471
3797	BA CABEZA DE JUAREZ	BODEGA	7471
3798	BA SANTA CECILIA	BODEGA	7482
3799	BA LOS ANGELES IZTAPALAPA	BODEGA	7471
3800	SC GUADALUPE NVO LEON	SUPERCENTER	7490
3801	BA STO. DOMINGO NVO. LEON	BODEGA	7490
3802	BA CONVENC AGUASCALIENTES	BODEGA	7493
3803	BA OBSERVATORIO	BODEGA	7482
3804	BA HILARIO MEDINA	BODEGA	7493
3805	BA SANTA LUCIA	BODEGA	7482
3806	BA RENACIMIENTO ACAPULCO	BODEGA	7494
3807	BA SALTILLO	BODEGA	7490
3808	BA BOLIVAR	BODEGA	7494
3809	WALMART EXPRESS PACHUCA	WMEXPRESS	7464
3810	WALMART EXPRESS SENA	WMEXPRESS	7464
3811	WALMART EXPRESS HORACIO	WMEXPRESS	7464
3812	WALMART EXPRESS NARVARTE	WMEXPRESS	7471
3813	WALMART EXPRESS CHURUBUSC	WMEXPRESS	7471
3814	WALMART EXPRESS BARRILACO	WMEXPRESS	7464
3815	WALMART EXPRESS TECAMACHA	WMEXPRESS	7464
3816	WALMART EXPRESS PEDREGAL	WMEXPRESS	7464
3817	WE GEORGIA	WMEXPRESS	7464
3818	WALMART EXPRESS REVOLUCIO	WMEXPRESS	7464
3819	WALMART EXPRESS DEL VALLE	WMEXPRESS	7464
3820	WALMART EXPRESS MICHOACAN	WMEXPRESS	7464
3821	WALMART EXPRESS LINDAVIST	WMEXPRESS	7464
3823	BA MORELOS	BODEGA	7471
3824	WALMART EXPRESS ORADORES	WMEXPRESS	7464
3825	WALMART EXPRESS SAN MATEO	WMEXPRESS	7464
3826	WALMART EXPRESS VIVEROS	WMEXPRESS	7464
3827	WALMART EXPRESS PERIFERIC	WMEXPRESS	7471
3828	WALMART EXPRESS LOS MORAL	WMEXPRESS	7464
3829	WALMART EXPRESS B DE LAS	WMEXPRESS	7464
3830	WALMART EXPRESS VIRREYES	WMEXPRESS	7464
3831	WALMART EXPRESS COYOACAN	WMEXPRESS	7471
3832	WALMART EXPRESS HOMERO	WMEXPRESS	7464
3833	WALMART EXPRESS JARDINES	WMEXPRESS	7471
3835	WALMART EXPRESS LOMAS ANA	WMEXPRESS	7464
3837	WALMART EXPRESS LUIS CABR	WMEXPRESS	7464
3838	WALMART EXPRESS LOMAS VER	WMEXPRESS	7464
3839	WALMART EXPRESS GIRASOLES	WMEXPRESS	7471
3840	WALMART EXPRESS PATIO PED	WMEXPRESS	7471
3842	WALMART EXPRESS RIO CHURU	WMEXPRESS	7471
3843	WALMART EXPRESS DIVISION	WMEXPRESS	7471
3844	WALMART EXPRESS BOSQUES D	WMEXPRESS	7464
3845	SC UNIVERSIDAD	SUPERCENTER	7471
3846	SC BUENAVISTA	SUPERCENTER	7464
3847	SC SATELITE	SUPERCENTER	7464
3848	SC TAXQUENA	SUPERCENTER	7464
3849	WALMART EXPRESS ESMERALDA	WMEXPRESS	7464
3850	SC ECHEGARAY	SUPERCENTER	7464
3851	SC AEROPUERTO	SUPERCENTER	7471
3852	SC PLATEROS	SUPERCENTER	7464
3853	SC SAN MANUEL	SUPERCENTER	7471
3854	SC PIRULES	SUPERCENTER	7464
3857	SC VILLA COAPA	SUPERCENTER	7471
3858	SC CUAJIMALPA	SUPERCENTER	7464
3860	BA ZARAGOZA	BODEGA	7471
3861	SC REVOLUCION	SUPERCENTER	7493
3862	SC AZCAPOTZALCO	SUPERCENTER	7464
3863	SC PERIFERICO SUR	SUPERCENTER	7471
3864	SC PUEBLA REFORMA	SUPERCENTER	7471
3865	BA AGUASCALIENTES	BODEGA	7493
3866	BA ARBOLEDAS	BODEGA	7493
3867	BA IRAPUATO	BODEGA	7494
3868	MB TIHUATLAN SUR	MIBODEGA	8805
3869	BA CUERNAVACA	BODEGA	7471
3870	BA MORELIA	BODEGA	7494
3871	BA PLAZA CUAUTITLAN	BODEGA	7494
3872	SC BALBUENA	SUPERCENTER	7471
3874	BA CANTIL	BODEGA	7494
3875	BA QUERETARO	BODEGA	7482
3876	SC LAS AGUILAS	SUPERCENTER	7464
3877	SC TORRES LINDAVISTA	SUPERCENTER	7464
3878	SC NINO OBRERO	SUPERCENTER	7493
3879	SC COLIMA	SUPERCENTER	7493
3880	BA PLAZA DORADA	BODEGA	7471
3881	WALMART EXPRESS STA FE	WMEXPRESS	7464
3883	BA MELCHOR OCAMPO	BODEGA	7494
3884	BA CHALCO	BODEGA	7471
3886	SC LAS ANIMAS	SUPERCENTER	7471
3887	BA RIO VERDE SLP	BODEGA	7494
3888	BA VIA MORELOS	BODEGA	7482
3889	BA SAN JUAN DEL RIO	BODEGA	7482
3890	BA LA PIEDAD	BODEGA	7493
3891	BA LOS REYES	BODEGA	7471
3892	BA AV CENTRAL	BODEGA	7482
3893	SC XALAPA	SUPERCENTER	7471
3894	SC VILLAHERMOSA I	SUPERCENTER	7468
3895	SC TEPIC	SUPERCENTER	7493
3896	WALMART EXPRESS FUENTES D	WMEXPRESS	7464
3897	BA LA VIRGEN	BODEGA	7471
3898	BA DIAZ MIRON	BODEGA	7471
3900	SC COACALCO	SUPERCENTER	7464
3901	BD BLVD VALSEQUILLO	BODEGA	7471
3902	BA LAZARO CARDENAS	BODEGA	7493
3903	BA TEHUACAN	BODEGA	7471
3904	BA TUXTLA ORIENTE	BODEGA	7468
3905	BA SANTA ANITA	BODEGA	7493
3906	WALMART EXPRESS GOBERNADO	WMEXPRESS	7471
3907	BA COLOSO II	BODEGA	7471
3908	BA TAPACHULA	BODEGA	7468
3909	SC CORDOBA	SUPERCENTER	7468
3910	BA PALOMAS	BODEGA	7482
3911	BA IGUALA	BODEGA	7471
3913	BA FRANCISCO JUAREZ	BODEGA	7494
3914	BA CONSTITUYENTES	BODEGA	7494
3915	WALMART EXPRESS AV TOLUCA	WMEXPRESS	7464
3916	BA IZTAPALAPA NORTE	BODEGA	7471
3917	BA TUXTLA CENTRO	BODEGA	7468
3918	BA SALAMANCA	BODEGA	7494
3919	BA NICOLAS ZAPATA	BODEGA	7494
3920	BA 8 DE JULIO	BODEGA	7493
3921	WE VISTAHERMOSA	WMEXPRESS	7464
3922	BA EL TINTERO	BODEGA	7482
3923	BA XONACA	BODEGA	7471
3924	BA COFRADIAS	BODEGA	7482
3929	SC SALINA CRUZ II	SUPERCENTER	7468
3930	BA LAS PINTAS	BODEGA	7493
3932	BA CARRETERA A REYNOSA	BODEGA	7490
3934	MB SOLEDAD DE DOBLADO	MIBODEGA	7471
3935	MB SANTIAGO TUXTLA	MIBODEGA	7468
3937	MB VILLANUEVA	MIBODEGA	5907
3938	MB ZINAPECUARO	MIBODEGA	8805
3940	MB JUCHITEPEC	MIBODEGA	7471
3941	WALMART EXPRESS TULUM	WMEXPRESS	4188
3945	SC AV CENTRAL	SUPERCENTER	7464
3954	BAE LA GUAYULERA	BAE	7461
3956	SC CALANDRIAS TESISTAN	SUPERCENTER	7493
3963	BAE CONDESA	BAE	7460
3964	SC EL REFUGIO	SUPERCENTER	7464
3977	SC PORTAL CENTENARIO	SUPERCENTER	7464
3979	MB CERRALVO	MIBODEGA	5922
4002	BA PUEBLA SUR	BODEGA	7471
4011	SC TIJUANA HIPODROMO	SUPERCENTER	4924
4012	SC JARDINES DEL SOL	SUPERCENTER	7493
4016	BA PLAYA DEL CARMEN	BODEGA	4188
4017	BA TOLUCA AZTECAS	BODEGA	7494
4018	SC SANTA MARIA	SUPERCENTER	7464
4024	SC COATZACOALCOS	SUPERCENTER	7468
4025	SC CD MADERO	SUPERCENTER	7490
4026	SC GALERIAS DEL VALLE	SUPERCENTER	4924
4028	BA STA ROSA APODACA	BODEGA	7490
4029	BA AVENIDA NACIONAL	BODEGA	7482
4032	MB CINTALAPA	MIBODEGA	7468
4035	MB TENOSIQUE	MIBODEGA	7468
4036	SC GUAYMAS	SUPERCENTER	7487
4042	BA GARCIA SALINAS	BODEGA	7493
4044	SATELITE SALTILLO	BODEGA	7490
4045	BA LOMAS DEL BOSQUE	BODEGA	7490
4046	MB FCO I MADERO	MIBODEGA	5922
4047	MB SABINAS HIDALGO	MIBODEGA	5922
4048	SC PENSIONES	SUPERCENTER	4188
4057	MB ALLENDE	MIBODEGA	5922
4058	MB MUZQUIZ	MIBODEGA	5922
4060	MB REFORMA	MIBODEGA	7468
4061	MB TIZIMIN	MIBODEGA	4188
4062	SC MANZANILLO	SUPERCENTER	7493
4063	WALMART EXPRESS VALLE REA	WMEXPRESS	7493
4065	BA IZUCAR DE MATAMOROS	BODEGA	7471
4066	BA BARRANCOS	BODEGA	7487
4067	BA VILLA GARCIA	BODEGA	7490
4068	BA AGUA PRIETA	BODEGA	4640
4071	SC PATRIA	SUPERCENTER	7493
4072	SC TAPACHULA CHIAPAS	SUPERCENTER	7468
4073	SC POLIGONO	SUPERCENTER	4188
4075	BA PATRICIO TRUEBA	BODEGA	4188
4076	BA AEROPUERTO ZAPATA	BODEGA	7487
4079	MB HUIXTLA	MIBODEGA	7468
4080	MB APASEO EL GRANDE	MIBODEGA	8805
4081	MB TLAXCOAPAN	MIBODEGA	8805
4083	MB SAN MIGUEL EL ALTO	MIBODEGA	5907
4090	SC LOS ATRIOS	SUPERCENTER	7471
4093	MB JOCOTEPEC	MIBODEGA	5907
4094	MB SAN FERNANDO	MIBODEGA	5922
4101	MB ACAPONETA	MIBODEGA	7487
4109	SC PUERTA TEXCOCO	SUPERCENTER	7471
4113	BA CIUDAD DEL CARMEN	BODEGA	7468
4115	MB SANTIAGO IXCUINTLA	MIBODEGA	5907
4120	SC POZA RICA	SUPERCENTER	7471
4122	SC PLAYA NORTE	SUPERCENTER	7471
4124	MB LOMBARDIA	MIBODEGA	5907
4125	BA TERAN	BODEGA	7468
4126	BA BOULEVARD ZACATECAS	BODEGA	7487
4128	BA ARCA DE NOE	BODEGA	7471
4129	MB TECPAN	MIBODEGA	7471
4130	MB ABASOLO CENTRO	MIBODEGA	5907
4131	MB HUNUCMA	MIBODEGA	4188
4132	MB MOTUL	MIBODEGA	4188
4136	BA FRONTERA COAHUILA	BODEGA	7490
4137	SC CHAPULTEPEC	SUPERCENTER	7490
4138	SC VILLA DE JUAREZ	SUPERCENTER	7490
4139	SC CAMPECHE	SUPERCENTER	4188
4143	BA INSURGENTES TEPIC	BODEGA	7493
4144	MB ALTOTONGA	MIBODEGA	7471
4145	MB ACATZINGO	MIBODEGA	7471
4146	MB VILLA AVILA CAMACHO	MIBODEGA	8805
4147	MB NANACAMILPA TLAXCALA	MIBODEGA	8805
4154	SC PERINORTE	SUPERCENTER	7464
4155	SC TIJUANA 2000	SUPERCENTER	4924
4156	SC COLA DE BALLENA	SUPERCENTER	7487
4157	SC PERIFERICO CUAUTITLAN	SUPERCENTER	7464
4158	BA PONIENTE	BODEGA	7487
4161	MB FRONTERA COMALAPA	MIBODEGA	7468
4162	MB ZACAPOAXTLA	MIBODEGA	7471
4164	MB CIHUATLAN	MIBODEGA	5907
4167	MB STA ROSA DE JAUREGUI	MIBODEGA	8805
4168	MB JUVENTINO ROSAS	MIBODEGA	8805
4169	MB ZACATELCO	MIBODEGA	7471
4170	WALMART EXPRESS METEPEC A	WMEXPRESS	7464
4172	MB CALERA CENTRO	MIBODEGA	5907
4179	MB ZAPOTLANEJO	MIBODEGA	5907
4182	MB NARANJOS	MIBODEGA	8805
4184	SC VISTAHERMOSA	SUPERCENTER	7471
4187	SC ROSARITO	SUPERCENTER	4924
4191	SC LAGO DE GUADALUPE	SUPERCENTER	7464
4194	BA MARTINEZ DE LA TORRE	BODEGA	7471
4195	BA ZACAPU	BODEGA	7493
4196	BA SABINAS	BODEGA	7490
4198	BA TENAYO	BODEGA	7494
4199	BA SAN LUIS RIO COLORADO	BODEGA	4924
4354	SC BOULEVARD QUIROGA	SUPERCENTER	7487
4395	SC HUAYACAN	SUPERCENTER	4188
4405	MB TEOTITLAN	MIBODEGA	7471
4410	BD TIJUANA CD NATURA	BODEGA	4924
4433	SC SANTA FE TUXTEPEC	SUPERCENTER	7468
4507	BD TERRAZAS DEL VALLE	BODEGA	4924
4520	BD SAN JOSE VISTA HERMOSA	BODEGA	7487
4529	BD CONSTITUCION ESCOBEDO	BODEGA	7490
4540	SC 16 DE SEPTIEMBRE	SUPERCENTER	7493
4541	BA IXTAPALUCA	BODEGA	7471
4542	BA MORELIA TRES PUENTES	BODEGA	7494
4543	WALMART EXPRESS LA NORIA	WMEXPRESS	7471
4544	WALMART EXPRESS MANUEL AV	WMEXPRESS	7471
4545	SC RIO VERDE	SUPERCENTER	7490
4546	SC ZACATECAS	SUPERCENTER	7493
4547	SC PLAZA EDUARDO MOLINA	SUPERCENTER	7464
4548	SC ELOY CAVAZOS	SUPERCENTER	7490
4549	SC LOS MOCHIS	SUPERCENTER	7487
4558	BA TECAMAC	BODEGA	7482
4561	BD EL MILAGRO	BODEGA	7494
4564	MB CAMARGO	MIBODEGA	5922
4568	BD RIO RAMOS ARIZPE	BODEGA	7490
4570	MB YAHUALICA	MIBODEGA	5907
4572	MB EL SALTO PUEBLO NUEVO	MIBODEGA	7487
4573	WALMART EXPRESS LOMAS DEL	WMEXPRESS	7471
4574	MB LORETO CENTRO ZACATECA	MIBODEGA	5907
4577	BA SANTA ANA	BODEGA	7471
4581	WALMART EXPRESS PABELLON	WMEXPRESS	7464
4619	SC TLAXCALA ESTADIO	SUPERCENTER	7471
4628	SC LAS ANTENAS	SUPERCENTER	7471
4629	MB SAN JUANITO	MIBODEGA	4640
4630	MB TECOLOTLAN LIENZO CHAR	MIBODEGA	5907
4632	BD EL LLANITO	BODEGA	7493
4635	MB ZACATLAN NORTE	MIBODEGA	8805
4636	MB MAXCANU NORTE	MIBODEGA	4188
4639	BA MIRAMAR	BODEGA	7487
4645	MB SAN PATRICIO MELAQUE	MIBODEGA	5907
4646	BD PUEBLITOS	BODEGA	7487
4649	MB RINCON DE RAMOS PLAZA	MIBODEGA	5907
4650	MB JUCHIPILA NORTE	MIBODEGA	5907
4658	SC BOULEVARD AEROPUERTO	SUPERCENTER	7464
4664	MB RIO GRANDE SUR	MIBODEGA	5922
4666	WALMART EXPRESS IZCALLI	WMEXPRESS	7464
4669	BD MUSARO	BODEGA	7487
4670	MB YAJALON	MIBODEGA	7468
4672	MB MAZATAN	MIBODEGA	7468
4673	MB ESPERANZA INDEPENDENCI	MIBODEGA	7471
4687	BD JACONA DE PLANCARTE	BODEGA	7493
4689	MB JUAN RODRIGUEZ CLARA	MIBODEGA	7468
4694	BD INTERNACIONAL CHIAPA D	BODEGA	7468
4703	BD CABO MIRAMAR	BODEGA	7487
4704	MB ZARAGOZA COAHUILA	MIBODEGA	5922
4706	MB TANQUIAN DE ESCOBEDO	MIBODEGA	8805
4708	MB LOS ENCINOS EL MARQUES	MIBODEGA	8805
4716	BD BLVD VILLA DE GUADALUP	BODEGA	7493
4717	MB VILLA JUAREZ	MIBODEGA	7487
4718	MB CAMINO A RECURSOS HIDR	MIBODEGA	8805
4719	SC SAN CRISTOBAL	SUPERCENTER	7468
4726	BO BOULEVARD LIBERTAD	BODEGA	7487
4730	BO LAS PLAZAS AMALUCAN	BODEGA	7471
4731	MB SAN LUIS ACATLAN	MIBODEGA	8805
4732	MB RIO GRANDE CENTRO	MIBODEGA	7468
4733	MB CHINA	MIBODEGA	5922
4743	BODEGA AURRERA LAZARO CAR	BODEGA	7493
4744	MI BODEGA AURRERA ASCENSI	MIBODEGA	4640
4745	MI BODEGA AURRERA ALAMOS	MIBODEGA	7487
4747	MI BODEGA AURRERA VALLE D	MIBODEGA	5907
4748	MB VINEDOS QUERETARO	MIBODEGA	8805
4749	MI BODEGA AURRERA CHOLULA	MIBODEGA	7471
4761	MB EL PARRAL	MIBODEGA	7468
4763	MB VILLAS DEL ARCO II	MIBODEGA	5922
4765	SUPERCENTER GRAND LOMAS	SUPERCENTER	7471
4776	BD LEON CENTRO	BODEGA	7494
4777	BD PIEDRA DE AGUA	BODEGA	4188
4778	BD 400	BODEGA	7487
4785	BD LOS PORTALES	BODEGA	4924
4786	MB LUIS MOYA SUR	MIBODEGA	5907
4787	MB TARETAN	MIBODEGA	5907
4809	SC APODACA NORTE	SUPERCENTER	7490
4813	MB PLAYA PENITA	MIBODEGA	5907
4815	BD CAMINO A CANANEA	BODEGA	4924
4817	SC EL FRESNO	SUPERCENTER	7493
4819	SC FUENTES PIEDRAS NEGRAS	SUPERCENTER	7490
4820	SC LAGOS DE MORENO	SUPERCENTER	7493
4822	SC CARDENAS TULANCINGO	SUPERCENTER	7464
4823	SC REFORMA HUINALA	SUPERCENTER	7490
4824	BD CAMINO A CALERA	BODEGA	7482
4825	BD TESISTAN CENTRO	BODEGA	7493
4826	MIB TAPANATEPEC	MIBODEGA	7468
4829	MIB NUEVA ANDALUCIA	MIBODEGA	5907
4834	MIB CHARCAS ESTE	MIBODEGA	5922
4835	MIB JUAREZ TEPATEPEC	MIBODEGA	8805
4836	MIB EL NARANJO	MIBODEGA	5922
4837	MIB CASIMIRO CASTILLO	MIBODEGA	5907
4881	BD HACIENDAS NOROESTE	BODEGA	7494
4882	MB CARRANZA SUR	MIBODEGA	5907
4883	MB SINALOA DE LEYVA	MIBODEGA	7487
4884	MB CUACNOPALAN	MIBODEGA	7471
4885	SC IRAPUATO NORTE	SUPERCENTER	7464
4887	SC PROGRESO	SUPERCENTER	7487
4902	BD SAN JUAN ZUAZUA	BODEGA	7490
4904	MB TAMAZUNCHALE NORTE	MIBODEGA	8805
4905	MB ATANA LINDAVISTA	MIBODEGA	8805
4907	BD PASEO DEL REY	BODEGA	7494
4908	MB TECAMACHALCO UNIVERSID	MIBODEGA	7471
4922	SC SAN FRANCISCO DEL RINC	SUPERCENTER	7464
4956	WALMART EXPRESS CIRCUITO	WMEXPRESS	7464
4962	BD ITURBIDE PONIENTE	BODEGA	7494
4963	MB CAMALU	MIBODEGA	4924
4976	MB MOLINA ENRIQUEZ	MIBODEGA	8805
4993	MB CALLE 50	MIBODEGA	4188
5009	MB ARCOS TLACHICHUCA	MIBODEGA	7471
5010	MB ATITALAQUIA	MIBODEGA	8805
5011	BD CAMINO ARANDAS	BODEGA	7493
5013	BD COLINAS DE MONTE BELLO	BODEGA	7494
5015	WALMART EXPRESS JUAN PABL	WMEXPRESS	7493
5020	BAE CD NATURA ARBOLEDAS	BAE	4924
5040	SC JIMENEZ CANTU SPCT	SUPERCENTER	7464
5041	SC NUEVO MEXICALI	SUPERCENTER	4924
5042	MB AGUA BLANCA	MIBODEGA	5907
5043	BD CHAC MOOL	BODEGA	4188
5046	WALMART EXPRESS PUNTA ZER	WMEXPRESS	7464
5048	MB SAN RAFAEL VERACRUZ	MIBODEGA	7471
5049	MB TECOZAUTLA SUR	MIBODEGA	8805
5050	WALMART EXPRESS ZIBATA	WMEXPRESS	7464
5055	SC CONCORDIA	SUPERCENTER	7490
5059	MB EZEQUIEL MONTES	MIBODEGA	8805
5060	MB GLORIETA PEDRO ESCOBED	MIBODEGA	8805
5061	WALMART EXPRESS MERIDA OR	WMEXPRESS	4188
5062	BD SANTA ANITA CADEREYTA	BODEGA	7490
5064	SC CABO MARINA	SUPERCENTER	7487
5069	BAE BELCANTO	BAE	7460
5081	BD CALZADA DEL SOL	BODEGA	7490
5083	BD LOS HEROES MERIDA	BODEGA	4188
5085	MB NATIVITAS CENTRO	MIBODEGA	7471
5087	BD REAL DE LINCOLN	BODEGA	7490
5088	MB TOLIMAN	MIBODEGA	8805
5089	SC SAN MARTIN TEXMELUCAN	SUPERCENTER	7471
5090	SC LA NACION	SUPERCENTER	7464
5093	BAE PESQUERIA CENTRO	BAE	8806
5106	MB SALINAS NORTE	MIBODEGA	8805
5108	MB DOCTOR ARROYO HOSPITAL	MIBODEGA	5922
5109	MB APASEO EL GRANDE SUR	MIBODEGA	8805
5110	MB VILLA UNION FEDERAL	MIBODEGA	7487
5112	SC PETEMPICH	SUPERCENTER	4188
5114	MB VILLA DE REYES	MIBODEGA	8805
5115	WALMART EXPRESS CAMINO A	WMEXPRESS	7464
5116	MB JUVENTINO ROSAS SUR	MIBODEGA	8805
5117	MB TEHUIXTLA	MIBODEGA	7471
5118	BD IXMIQUILPAN CARDONAL	BODEGA	7482
5119	BD CABORCA NORTE	BODEGA	4924
5120	BD CHAMPOTON	BODEGA	4188
5122	BD CD. HIDALGO SUR	BODEGA	7468
5123	MB APASEO EL ALTO SUR	MIBODEGA	8805
5124	BD CD MENDOZA	BODEGA	7471
5130	BD LAS NORIAS AGUASCALIEN	BODEGA	7493
5131	MB EMPALME ESCOBEDO	MIBODEGA	8805
5132	MB REAL DEL MONTE	MIBODEGA	8805
5133	WALMART EXPRESS PARQUE TE	WMEXPRESS	7464
5134	BD MILENIO ORIENTE (ANTES	BODEGA	7487
5148	BAE PUERTA DORADA	BAE	7460
5162	BD VILLAS DEL SOL	BODEGA	4188
5163	BD NOGALES SUR	BODEGA	4924
5166	WALMART EXPRESS SAN GERAR	WMEXPRESS	7493
5171	SC CD VALLES CENTRO	SUPERCENTER	7490
5176	SC VINA ANTIGUA (GASOLINE	SUPERCENTER	7493
5178	MB ALVARO OBREGON MICHOAC	MIBODEGA	5907
5181	BD SOLEDAD DE GRACIANOÂ  S	BODEGA	7494
5182	BD BICENTENARIO	BODEGA	7494
5183	MB PLAZA PAPASQUIARO	MIBODEGA	7487
5185	SC VILLA VERDE	SUPERCENTER	7471
5194	BD ZARAGOZA HUAMANTLA	BODEGA	7471
5195	MB ABASOLO PONIENTE	MIBODEGA	5907
5196	MB PUEBLO NUEVO CENTRO	MIBODEGA	5907
5198	MB CALPAN	MIBODEGA	7471
5214	BD BALVANERA	BODEGA	7494
5215	MB CARDENAS CENTRO	MIBODEGA	5922
5216	MB PLAZA CALPULALPAN	MIBODEGA	8805
5219	MB AVIACION LAS CHOAPAS	MIBODEGA	7468
5232	BD LOS REYES PLAZA	BODEGA	7493
5234	MB PLATON SANCHEZ	MIBODEGA	8805
5236	SC MISION SAN FRANCISCO	SUPERCENTER	7464
5238	SC SILAO NORTE	SUPERCENTER	7464
5239	SC IGUALA INDEPENDENCIA	SUPERCENTER	7471
5240	SC NAVOJOA	SUPERCENTER	7487
5241	SC SAN PATRICIO	SUPERCENTER	7490
5242	MB SOTO LA MARINA	MIBODEGA	5922
5244	MB TETELA DE OCAMPO	MIBODEGA	7471
5245	MB SAN FELIPE ORIZATLAN	MIBODEGA	8805
5246	MB PINOS ZACATECAS	MIBODEGA	5907
5247	BD CITARA HUEHUETOCA	BODEGA	7482
5248	MB CD SATELITE	MIBODEGA	8805
5291	BD PASEO MONTERREY	BODEGA	7490
5292	BD CIUDAD RIO BRAVO	BODEGA	7490
5295	SC TECATE GARITA	SUPERCENTER	4924
5296	SC SAN REMO	SUPERCENTER	7490
5297	SC LOLA BELTRAN	SUPERCENTER	7487
5299	MB NOCHIXTLAN PLAZA	MIBODEGA	7471
5300	SC COLOSIO	SUPERCENTER	7464
5302	MB MEZQUITAL	MIBODEGA	5922
5303	MB CANAVERAL	MIBODEGA	8805
5304	MB LA CRESPA	MIBODEGA	8805
5309	BD GLORIETA AUTLAN	BODEGA	7493
5331	SC PORVENIR JUAREZ	SUPERCENTER	4640
5333	MB HUANDACAREO	MIBODEGA	8805
5334	SC CD ACUNA	SUPERCENTER	7490
5336	BD JOJUTLA GALEANA	BODEGA	7471
5339	MB HUANIMARO ORIENTE	MIBODEGA	5907
5340	MB PLAZA YURIRIA	MIBODEGA	8805
5350	SC CD GUZMAN SUR AA	SUPERCENTER	7493
5351	SP GRAN SANTA FE MERIDA	WMEXPRESS	4188
5352	SC GOMEZ PALACIO LAGUNA	SUPERCENTER	7490
5354	SC CAMINO CLUB CAMPESTRE	SUPERCENTER	7468
5371	WALMART EXPRESS ZONA CELA	WMEXPRESS	7464
5375	BD PESQUERIA NORTE	BODEGA	7490
5376	BD HUEJOTZINGO	BODEGA	7471
5379	BD HEROES LINCOLN	BODEGA	7490
5384	MB GALEANA	MIBODEGA	5922
5397	MB CIRUELO	MIBODEGA	8805
5398	MB BERMEJILLO	MIBODEGA	5922
5400	MB MAR DE CORTES	MIBODEGA	4924
5402	BD VILLAS DEL PEDREGAL MO	BODEGA	7494
5427	MB MATIAS ROMERO	MIBODEGA	7468
5430	MB PONCITLAN	MIBODEGA	5907
5462	WALMART EXPRESS LORETO	WMEXPRESS	7464
5463	BA CELAYA ORIENTE	BODEGA	7494
5464	BA ALTAMIRA CENTRO	BODEGA	7490
5465	BA AV DE LAS TORRES	BODEGA	7487
5469	SC RIO DE LOS REMEDIOS	SUPERCENTER	7464
5600	BA LA CANADA	BODEGA	7494
5602	MB ALDAMA	MIBODEGA	5922
5603	MB CUAUHTEMOC	MIBODEGA	5907
5604	MB ESCUINTLA	MIBODEGA	7468
5605	MB ESTACION	MIBODEGA	7468
5607	MB LAS ROSAS	MIBODEGA	7468
5608	MB MAGDALENA	MIBODEGA	5907
5610	MB VALPARAISO	MIBODEGA	5907
5624	BA VALLE SOLEADO	BODEGA	7490
5641	BAE JULIAN MEDINA	BAE	7460
5657	BA SOLEDAD DE GRACIANO	BODEGA	7494
5658	BA MONUMENTO A COLOSIO	BODEGA	7487
5659	LA LADRILLERA	BODEGA	7490
5660	BA SAN SEBASTIAN TUTLA	BODEGA	7471
5661	BA LOMAS DE LA PRESA	BODEGA	4924
5662	BA TENANCINGO	BODEGA	7494
5665	MB ANAHUAC	MIBODEGA	5922
5666	MB HIDALGO	MIBODEGA	5922
5667	MB COMPOSTELA	MIBODEGA	5907
5668	MB TUXPAN	MIBODEGA	5907
5669	MB AHUALULCO DE MERCADO	MIBODEGA	5907
5670	MB TLAHUELILPAN	MIBODEGA	8805
5673	MB FORTIN DE LAS FLORES	MIBODEGA	7471
5674	MB ESCUINAPA PROLONGACION	MIBODEGA	7487
5675	MB JAVIER MINA	MIBODEGA	4924
5687	SC BOULEVARD DELTA	SUPERCENTER	7464
5700	SC MEXICO 68	SUPERCENTER	7487
5702	SC SANTIN	SUPERCENTER	7464
5710	BA SAN FCO DEL RINCON	BODEGA	7494
5711	BA SAN PABLO	BODEGA	7482
5712	BA SOLIDARIDAD	BODEGA	7490
5713	BA TLAXCALA	BODEGA	7471
5727	SC JIUTEPEC	SUPERCENTER	7471
5728	SC NORTE 2000	SUPERCENTER	4640
5730	BA CHICOLOAPAN	BODEGA	7471
5731	BA PIEDRAS NEGRAS	BODEGA	7490
5732	BA TECOMAN	BODEGA	7493
5733	BA PLAZA CHIMALHUACAN	BODEGA	7471
5734	BA MOROLEON	BODEGA	7494
5735	BA BONFIL	BODEGA	7482
5736	BA CARDENAS	BODEGA	7468
5740	BA BELISARIO DOMINGUEZ	BODEGA	7493
5749	SC PLAZA DE TOROS	SUPERCENTER	7464
5750	BA MIRAMAR	BODEGA	7493
5754	MB PENSADOR MEXICANO	MIBODEGA	8805
5764	SC TORRES DEL SUR	SUPERCENTER	4640
5765	SC LAS AMERICAS	SUPERCENTER	7464
5768	BA CD LABOR	BODEGA	7482
5770	BA ZUMPANGO	BODEGA	7482
5771	BA CERVANTES	BODEGA	7494
5773	WALMART EXPRESS RIO MAYO	WMEXPRESS	7471
5786	MB NAOLINCO	MIBODEGA	7471
5791	SC ZINACANTEPEC	SUPERCENTER	7464
5792	BA LOURDES SALTILLO	BODEGA	7490
5796	WALMART EXPRESS PUERTA DE	WMEXPRESS	7493
5798	BA SANTA MARGARITA	BODEGA	7493
5799	BA ZIHUATANEJO	BODEGA	7494
5800	MB GENERAL MIGUEL	MIBODEGA	7471
5801	SC LOPEZ MATEO FUNDIDORES	SUPERCENTER	7490
5802	SC PASEO GUADALUPE	SUPERCENTER	7490
5812	BA COATZACOALCOS	BODEGA	7468
5813	BA LA PAZ	BODEGA	7471
5815	WALMART EXPRESS JURICA	WMEXPRESS	7464
5817	WALMART EXPRESS AXOMIATLA	WMEXPRESS	7464
5825	SC ALFREDO DEL MAZO	SUPERCENTER	7464
5827	BA MORELIA ESTE	BODEGA	7494
5843	BA URUAPAN	BODEGA	7493
5844	BA ZAMORA	BODEGA	7493
5850	BA ZITACUARO	BODEGA	7494
5851	BA CONSTITUCION	BODEGA	7494
5855	SC LAS ALAMEDAS	SUPERCENTER	7464
6086	MB ACTOPAN OLIVOS	MIBODEGA	8805
6191	BD SANTA MARIA VALLE	BODEGA	7490
6192	BD VINEDOS PACHUCA	BODEGA	7494
6194	MB COSALA	MIBODEGA	7487
6195	MB SAN RAFAEL	MIBODEGA	5907
6200	BD BULEVARES DEL LAGO	BODEGA	7494
6202	BD RANCHO BLANCO	BODEGA	7493
6203	MB ESPITA	MIBODEGA	4188
6214	BD EL ALAMO MEXICALI	BODEGA	4924
6216	MB JONUTA	MIBODEGA	7468
6230	BD FRONTERA MEXICALI	BODEGA	4924
6269	BA CIUDAD MADERAS	BODEGA	7482
6338	SC FRANCISCO VILLARREAL	SUPERCENTER	4640
6339	BD CALZADA HEROES LAREDO	BODEGA	7490
6340	MB TEPEACA AVENIDA HIDALG	MIBODEGA	7471
6341	BD HACIENDA LOS EUCALIPTO	BODEGA	7493
6346	BD HIDALGO DEL PARRAL	BODEGA	4640
6361	MB LA HIGUERA	MIBODEGA	7487
6366	MB BOSQUES DE TECAMAC (GA	MIBODEGA	8805
6370	MB VILLA VICTORIA SUR (GA	MIBODEGA	8805
6383	WE RIVIERAS DE GUADALUPE	WMEXPRESS	7490
6417	MB VIGAS DE RAMIREZ	MIBODEGA	7471
6418	MB AMEALCO DE BONFIL	MIBODEGA	8805
6421	BD MALIBRAN	BODEGA	7468
6422	BD RIVERA CIUDAD VICTORIA	BODEGA	7490
6448	MB BALANCAN NORTE	MIBODEGA	7468
6451	MB PETO	MIBODEGA	4188
6482	WM GLORIETA SAN LUIS POTO	SUPERCENTER	7464
6484	MB CANDELARIA CAMPECHE	MIBODEGA	7468
6486	MB CINTALAPA OESTE	MIBODEGA	7468
6505	MB LAS QUINTAS ZACATECAS	MIBODEGA	5907
6506	MB LA JUNTA NORTE	MIBODEGA	4640
6507	MB ACATLAN JARDINES DEL B	MIBODEGA	7468
6508	MB MAPASTEPEC SUR	MIBODEGA	7468
6510	SC PUERTO PENASCO SONORA	SUPERCENTER	4924
6512	BD BOULEVARD EL REFUGIO	BODEGA	7490
6515	SC TORREON NORTE	SUPERCENTER	7490
6520	SC ZARAGOZA PANTITLAN	SUPERCENTER	7471
6521	BD HACIENDA SANTA FE	BODEGA	7493
6522	MB GENERAL TERAN	MIBODEGA	5922
6525	BD FENAPO	BODEGA	7494
6526	BD NOPALUCANÂ NORTE	BODEGA	7471
6582	BD MONTE CRISTAL	BODEGA	7490
6589	BD ALLENDE ZUAZUA	BODEGA	7490
6614	MB TAPILULA CARRETERA	MIBODEGA	7468
6617	BD EMILIANO ZAPATA MORELO	BODEGA	7471
6618	BD MISION MAGDALENA	BODEGA	4924
6655	BD COMALCALCO VILLA MAYA	BODEGA	7468
6656	MB YANGA	MIBODEGA	7471
6657	MB AHUACATLAN	MIBODEGA	5907
6659	SC PUERTO PROGRESO	SUPERCENTER	4188
6676	MD CHOCAMAN	MIBODEGA	7471
6681	MB ACULCO CARRETERA	MIBODEGA	8805
6683	BD GUADALUPE LIBRAMIENTO	BODEGA	7493
6685	MB PARACHO	MIBODEGA	5907
6687	BD VILLA BONITA	BODEGA	7487
6691	BD PURUANDIRO NORTE	BODEGA	7493
6705	SPR ZIZANA (AA)	WMEXPRESS	7464
6751	BD PASEO SANTA ISABEL	BODEGA	7490
6756	SC REAL TECOMAN	SUPERCENTER	7493
6766	BD JOCOTEPEC CHAPALA	BODEGA	7493
6768	SC ZONA PLATEADA	SUPERCENTER	7464
6799	MB VICENTE GUERRERO TABAS	MIBODEGA	7468
6800	BD REVOLUCION EMPALME	BODEGA	7487
6801	MB PILCAYA GLORIETA	MIBODEGA	7471
6804	BD REAL COSTA RICA	BODEGA	7487
6833	BD HACIENDA SAN IGNACIO	BODEGA	7493
6834	SC SAHUAYO	SUPERCENTER	7493
6835	SC LOMAS DE ANAHUAC ESCOB	SUPERCENTER	7490
6879	BD INGENIO EL DORADO	BODEGA	7487
6883	BD CIUDAD GUZMAN	BODEGA	7493
6916	BD ROMITA PONIENTE	BODEGA	7494
6918	BD RIO COLORADO 42	BODEGA	4924
7023	SC SANTA CECILIA OCOTLAN	SUPERCENTER	7493
